Workbook

Sheet FOUND DATA
A1: IF YOU HAVE A COURSE THAT YOU CAN NOT FIND THE SYLLABUS FOR, PLEASE ADD IT TO THE OTHER SHEET
B2: BLUE - UD | C2: ORANGE - UT | D2: RED - UWM
B3: FEATURES | N3: OUTPUTS (% Of Students in Each Bucket) | T3: PASS FAIL | W3: PASS (IN DEPTH) | Z3: RANKING (1 = Least students, 5 = Most students)
A4: Course Code | B4: # HWs | C4: HW Weight | D4: # Project Assignments | E4: Project Weight | F4: # Final exam | G4: Final Weight | H4: # Other Exams | I4: Exam Weight | J4: # Quizzes | K4: Quiz Weight | L4: Attend/Misc Weight | M4: TOTAL SUM (CHECK THAT IT'S 1) | N4: Class F | O4: Class D | P4: Class C | Q4: Class B | R4: Class A | S4: TOTAL SUM % (CHECK THAT IT'S 100%) | T4: % FAIL | U4: % PASS | V4: SUM (CHECK) | W4: FAIL (D,F) | X4: CLOSE PASS (C) | Y4: CLEAR PASS (A,B) | Z4: F | AA4: D | AB4: C | AC4: B | AD4: A
A5: UD Class 1 | B5: 5 | C5: 0.2 | D5: 10 | E5: 0.6 | F5: 0 | G5: 0 | H5: 0 | I5: 0 | J5: 30 | K5: 0.2 | L5: 0 | M5: =sum(C5+E5+G5+I5+K5+L5) -> 1 | N5: 0.48 | O5: 1.58 | P5: 4.11 | Q5: 15.03 | R5: 78.8 | S5: =SUM(N5:R5) -> 100 | T5: =SUM(N5:O5) -> 2.06 | U5: =SUM(P5:R5) -> 97.94 | V5: =SUM(T5:U5) -> 100 | W5: =SUM(N5:O5) -> 2.06 | X5: =P5 -> 4.11 | Y5: =SUM(Q5:R5) -> 93.83 | Z5: =_xlfn.RANK.EQ(N5,$N5:$R5, 1) -> 1 | AA5: =_xlfn.RANK.EQ(O5,$N5:$R5, 1) -> 2 | AB5: =_xlfn.RANK.EQ(P5,$N5:$R5, 1) -> 3 | AC5: =_xlfn.RANK.EQ(Q5,$N5:$R5, 1) -> 4 | AD5: =_xlfn.RANK.EQ(R5,$N5:$R5, 1) -> 5
A6: UD Class 2 | B6: 8 | C6: 0.32 | D6: 4 | E6: 0.16 | F6: 1 | G6: 0.2 | H6: 0 | I6: 0 | J6: 4 | K6: 0.32 | L6: 0 | M6: =sum(C6+E6+G6+I6+K6+L6) -> 1 | N6: 1.2 | O6: 4.82 | P6: 19.28 | Q6: 39.76 | R6: 34.94 | S6: =SUM(N6:R6) -> 100 | T6: =SUM(N6:O6) -> 6.02 | U6: =SUM(P6:R6) -> 93.98 | V6: =SUM(T6:U6) -> 100 | W6: =SUM(N6:O6) -> 6.02 | X6: =P6 -> 19.28 | Y6: =SUM(Q6:R6) -> 74.7 | Z6: =_xlfn.RANK.EQ(N6,$N6:$R6, 1) -> 1 | AA6: =_xlfn.RANK.EQ(O6,$N6:$R6, 1) -> 2 | AB6: =_xlfn.RANK.EQ(P6,$N6:$R6, 1) -> 3 | AC6: =_xlfn.RANK.EQ(Q6,$N6:$R6, 1) -> 5 | AD6: =_xlfn.RANK.EQ(R6,$N6:$R6, 1) -> 4
A7: UD Class 3 | B7: 8 | C7: 0.32 | D7: 4 | E7: 0.16 | F7: 1 | G7: 0.2 | H7: 0 | I7: 0 | J7: 4 | K7: 0.32 | L7: 0 | M7: =sum(C7+E7+G7+I7+K7+L7) -> 1 | N7: 0 | O7: 5.97 | P7: 16.42 | Q7: 41.79 | R7: 35.82 | S7: =SUM(N7:R7) -> 100 | T7: =SUM(N7:O7) -> 5.97 | U7: =SUM(P7:R7) -> 94.03 | V7: =SUM(T7:U7) -> 100 | W7: =SUM(N7:O7) -> 5.97 | X7: =P7 -> 16.42 | Y7: =SUM(Q7:R7) -> 77.61 | Z7: =_xlfn.RANK.EQ(N7,$N7:$R7, 1) -> 1 | AA7: =_xlfn.RANK.EQ(O7,$N7:$R7, 1) -> 2 | AB7: =_xlfn.RANK.EQ(P7,$N7:$R7, 1) -> 3 | AC7: =_xlfn.RANK.EQ(Q7,$N7:$R7, 1) -> 5 | AD7: =_xlfn.RANK.EQ(R7,$N7:$R7, 1) -> 4
A8: UD Class 4 | B8: 8 | C8: 0.3 | D8: 6 | E8: 0.2 | F8: 0 | G8: 0 | H8: 3 | I8: 0.45 | J8: 0 | K8: 0 | L8: 0.05 | M8: =sum(C8+E8+G8+I8+K8+L8) -> 1 | N8: 3.17 | O8: 6.35 | P8: 16.67 | Q8: 48.41 | R8: 25.4 | S8: =SUM(N8:R8) -> 100 | T8: =SUM(N8:O8) -> 9.52 | U8: =SUM(P8:R8) -> 90.48 | V8: =SUM(T8:U8) -> 100 | W8: =SUM(N8:O8) -> 9.52 | X8: =P8 -> 16.67 | Y8: =SUM(Q8:R8) -> 73.81 | Z8: =_xlfn.RANK.EQ(N8,$N8:$R8, 1) -> 1 | AA8: =_xlfn.RANK.EQ(O8,$N8:$R8, 1) -> 2 | AB8: =_xlfn.RANK.EQ(P8,$N8:$R8, 1) -> 3 | AC8: =_xlfn.RANK.EQ(Q8,$N8:$R8, 1) -> 5 | AD8: =_xlfn.RANK.EQ(R8,$N8:$R8, 1) -> 4
A9: UD Class 5 | B9: 16 | C9: 0.5 | D9: 6 | E9: 0.2 | F9: 0 | G9: 0 | H9: 3 | I9: 0.3 | J9: 0 | K9: 0 | L9: 0 | M9: =sum(C9+E9+G9+I9+K9+L9) -> 1 | N9: 3.43 | O9: 2.05 | P9: 32.19 | Q9: 45.21 | R9: 17.12 | S9: =SUM(N9:R9) -> 100 | T9: =SUM(N9:O9) -> 5.48 | U9: =SUM(P9:R9) -> 94.52 | V9: =SUM(T9:U9) -> 100 | W9: =SUM(N9:O9) -> 5.48 | X9: =P9 -> 32.19 | Y9: =SUM(Q9:R9) -> 62.33 | Z9: =_xlfn.RANK.EQ(N9,$N9:$R9, 1) -> 2 | AA9: =_xlfn.RANK.EQ(O9,$N9:$R9, 1) -> 1 | AB9: =_xlfn.RANK.EQ(P9,$N9:$R9, 1) -> 4 | AC9: =_xlfn.RANK.EQ(Q9,$N9:$R9, 1) -> 5 | AD9: =_xlfn.RANK.EQ(R9,$N9:$R9, 1) -> 3
A10: UD Class 6 | B10: 9 | C10: 0.36 | D10: 0 | E10: 0 | F10: 0 | G10: 0 | H10: 4 | I10: 0.48 | J10: 35 | K10: 0.16 | L10: 0 | M10: =sum(C10+E10+G10+I10+K10+L10) -> 1 | N10: 5.63 | O10: 3.52 | P10: 17.61 | Q10: 39.44 | R10: 33.8 | S10: =SUM(N10:R10) -> 100 | T10: =SUM(N10:O10) -> 9.15 | U10: =SUM(P10:R10) -> 90.85 | V10: =SUM(T10:U10) -> 100 | W10: =SUM(N10:O10) -> 9.15 | X10: =P10 -> 17.61 | Y10: =SUM(Q10:R10) -> 73.24 | Z10: =_xlfn.RANK.EQ(N10,$N10:$R10, 1) -> 2 | AA10: =_xlfn.RANK.EQ(O10,$N10:$R10, 1) -> 1 | AB10: =_xlfn.RANK.EQ(P10,$N10:$R10, 1) -> 3 | AC10: =_xlfn.RANK.EQ(Q10,$N10:$R10, 1) -> 5 | AD10: =_xlfn.RANK.EQ(R10,$N10:$R10, 1) -> 4
A11: UD Class 7 | B11: 11 | C11: 0.25 | D11: 5 | E11: 0.15 | F11: 1 | G11: 0.2 | H11: 3 | I11: 0.3 | J11: 0 | K11: 0 | L11: 0.1 | M11: =sum(C11+E11+G11+I11+K11+L11) -> 1 | N11: 5.36 | O11: 6.55 | P11: 19.64 | Q11: 35.12 | R11: 33.33 | S11: =SUM(N11:R11) -> 100 | T11: =SUM(N11:O11) -> 11.91 | U11: =SUM(P11:R11) -> 88.09 | V11: =SUM(T11:U11) -> 100 | W11: =SUM(N11:O11) -> 11.91 | X11: =P11 -> 19.64 | Y11: =SUM(Q11:R11) -> 68.45 | Z11: =_xlfn.RANK.EQ(N11,$N11:$R11, 1) -> 1 | AA11: =_xlfn.RANK.EQ(O11,$N11:$R11, 1) -> 2 | AB11: =_xlfn.RANK.EQ(P11,$N11:$R11, 1) -> 3 | AC11: =_xlfn.RANK.EQ(Q11,$N11:$R11, 1) -> 5 | AD11: =_xlfn.RANK.EQ(R11,$N11:$R11, 1) -> 4
A12: UD Class 8 | B12: 11 | C12: 0.25 | D12: 4 | E12: 0.15 | F12: 1 | G12: 0.2 | H12: 3 | I12: 0.3 | J12: 24 | K12: 0.1 | L12: 0 | M12: =sum(C12+E12+G12+I12+K12+L12) -> 1 | N12: 7.5 | O12: 6.25 | P12: 22.5 | Q12: 34.38 | R12: 29.37 | S12: =SUM(N12:R12) -> 100 | T12: =SUM(N12:O12) -> 13.75 | U12: =SUM(P12:R12) -> 86.25 | V12: =SUM(T12:U12) -> 100 | W12: =SUM(N12:O12) -> 13.75 | X12: =P12 -> 22.5 | Y12: =SUM(Q12:R12) -> 63.75 | Z12: =_xlfn.RANK.EQ(N12,$N12:$R12, 1) -> 2 | AA12: =_xlfn.RANK.EQ(O12,$N12:$R12, 1) -> 1 | AB12: =_xlfn.RANK.EQ(P12,$N12:$R12, 1) -> 3 | AC12: =_xlfn.RANK.EQ(Q12,$N12:$R12, 1) -> 5 | AD12: =_xlfn.RANK.EQ(R12,$N12:$R12, 1) -> 4
A13: UD Class 9 | B13: 10 | C13: 0.25 | D13: 9 | E13: 0.15 | F13: 1 | G13: 0.2 | H13: 3 | I13: 0.3 | J13: 25 | K13: 0.1 | L13: 0 | M13: =sum(C13+E13+G13+I13+K13+L13) -> 1 | N13: 7.1 | O13: 7.1 | P13: 12.26 | Q13: 34.19 | R13: 39.35 | S13: =SUM(N13:R13) -> 100 | T13: =SUM(N13:O13) -> 14.2 | U13: =SUM(P13:R13) -> 85.8 | V13: =SUM(T13:U13) -> 100 | W13: =SUM(N13:O13) -> 14.2 | X13: =P13 -> 12.26 | Y13: =SUM(Q13:R13) -> 73.54 | Z13: =_xlfn.RANK.EQ(N13,$N13:$R13, 1) -> 1 | AA13: =_xlfn.RANK.EQ(O13,$N13:$R13, 1) -> 1 | AB13: =_xlfn.RANK.EQ(P13,$N13:$R13, 1) -> 3 | AC13: =_xlfn.RANK.EQ(Q13,$N13:$R13, 1) -> 4 | AD13: =_xlfn.RANK.EQ(R13,$N13:$R13, 1) -> 5
A14: UD Class 10 | B14: 10 | C14: 0.25 | D14: 6 | E14: 0.15 | F14: 1 | G14: 0.2 | H14: 3 | I14: 0.3 | J14: 24 | K14: 0.1 | L14: 0 | M14: =sum(C14+E14+G14+I14+K14+L14) -> 1 | N14: 6.56 | O14: 2.19 | P14: 10.95 | Q14: 35.77 | R14: 44.53 | S14: =SUM(N14:R14) -> 100 | T14: =SUM(N14:O14) -> 8.75 | U14: =SUM(P14:R14) -> 91.25 | V14: =SUM(T14:U14) -> 100 | W14: =SUM(N14:O14) -> 8.75 | X14: =P14 -> 10.95 | Y14: =SUM(Q14:R14) -> 80.3 | Z14: =_xlfn.RANK.EQ(N14,$N14:$R14, 1) -> 2 | AA14: =_xlfn.RANK.EQ(O14,$N14:$R14, 1) -> 1 | AB14: =_xlfn.RANK.EQ(P14,$N14:$R14, 1) -> 3 | AC14: =_xlfn.RANK.EQ(Q14,$N14:$R14, 1) -> 4 | AD14: =_xlfn.RANK.EQ(R14,$N14:$R14, 1) -> 5
A15: UD Class 11 | B15: 10 | C15: 0.25 | D15: 1 | E15: 0.1 | F15: 1 | G15: 0.2 | H15: 3 | I15: 0.3 | J15: 24 | K15: 0.15 | L15: 0 | M15: =sum(C15+E15+G15+I15+K15+L15) -> 1 | N15: 1.55 | O15: 0.78 | P15: 17.83 | Q15: 41.86 | R15: 37.98 | S15: =SUM(N15:R15) -> 100 | T15: =SUM(N15:O15) -> 2.33 | U15: =SUM(P15:R15) -> 97.67 | V15: =SUM(T15:U15) -> 100 | W15: =SUM(N15:O15) -> 2.33 | X15: =P15 -> 17.83 | Y15: =SUM(Q15:R15) -> 79.84 | Z15: =_xlfn.RANK.EQ(N15,$N15:$R15, 1) -> 2 | AA15: =_xlfn.RANK.EQ(O15,$N15:$R15, 1) -> 1 | AB15: =_xlfn.RANK.EQ(P15,$N15:$R15, 1) -> 3 | AC15: =_xlfn.RANK.EQ(Q15,$N15:$R15, 1) -> 5 | AD15: =_xlfn.RANK.EQ(R15,$N15:$R15, 1) -> 4
A16: UD Class 12 | B16: 10 | C16: 0.25 | D16: 1 | E16: 0.1 | F16: 1 | G16: 0.2 | H16: 3 | I16: 0.3 | J16: 28 | K16: 0.15 | L16: 0 | M16: =sum(C16+E16+G16+I16+K16+L16) -> 1 | N16: 3.85 | O16: 3.08 | P16: 13.07 | Q16: 40 | R16: 40 | S16: =SUM(N16:R16) -> 100 | T16: =SUM(N16:O16) -> 6.93 | U16: =SUM(P16:R16) -> 93.07 | V16: =SUM(T16:U16) -> 100 | W16: =SUM(N16:O16) -> 6.93 | X16: =P16 -> 13.07 | Y16: =SUM(Q16:R16) -> 80 | Z16: =_xlfn.RANK.EQ(N16,$N16:$R16, 1) -> 2 | AA16: =_xlfn.RANK.EQ(O16,$N16:$R16, 1) -> 1 | AB16: =_xlfn.RANK.EQ(P16,$N16:$R16, 1) -> 3 | AC16: =_xlfn.RANK.EQ(Q16,$N16:$R16, 1) -> 4 | AD16: =_xlfn.RANK.EQ(R16,$N16:$R16, 1) -> 4
... A36: CE329 - 16S | B36: 13 | C36: 0.27 | D36: 0 | E36: 0 | F36: 1 | G36: 0.3 | H36: 2 | I36: 0.38 | J36: 0 | K36: 0 | L36: 0.05 | M36: =sum(C36+E36+G36+I36+K36+L36) -> 1 | N36: 3.57 | O36: 3.57 | P36: 17.86 | Q36: 32.14 | R36: 42.86 | S36: =SUM(N36:R36) -> 100 | T36: =SUM(N36:O36) -> 7.14 | U36: =SUM(P36:R36) -> 92.86 | V36: =SUM(T36:U36) -> 100 | W36: =SUM(N36:O36) -> 7.14 | X36: =P36 -> 17.86 | Y36: =SUM(Q36:R36) -> 75 | Z36: =_xlfn.RANK.EQ(N36,$N36:$R36, 1) -> 1 | AA36: =_xlfn.RANK.EQ(O36,$N36:$R36, 1) -> 1 | AB36: =_xlfn.RANK.EQ(P36,$N36:$R36, 1) -> 3 | AC36: =_xlfn.RANK.EQ(Q36,$N36:$R36, 1) -> 4 | AD36: =_xlfn.RANK.EQ(R36,$N36:$R36, 1) -> 5
A37: COE347 - 18S Bisetti Sec 12875 | B37: 12 | C37: 0.4 | D37: 2 | E37: 0.3 | F37: 0 | G37: 0 | H37: 2 | I37: 0.3 | J37: 0 | K37: 0 | L37: 0 | M37: =sum(C37+E37+G37+I37+K37+L37) -> 1 | N37: 0 | O37: =100*1/24 -> 4.1666667 | P37: 0 | Q37: =100*10/24 -> 41.666667 | R37: =100*13/24 -> 54.166667 | S37: =SUM(N37:R37) -> 100 | T37: =SUM(N37:O37) -> 4.1666667 | U37: =SUM(P37:R37) -> 95.833333 | V37: =SUM(T37:U37) -> 100 | W37: =SUM(N37:O37) -> 4.1666667 | X37: =P37 -> 0 | Y37: =SUM(Q37:R37) -> 95.833333 | Z37: =_xlfn.RANK.EQ(N37,$N37:$R37, 1) -> 1 | AA37: =_xlfn.RANK.EQ(O37,$N37:$R37, 1) -> 3 | AB37: =_xlfn.RANK.EQ(P37,$N37:$R37, 1) -> 1 | AC37: =_xlfn.RANK.EQ(Q37,$N37:$R37, 1) -> 4 | AD37: =_xlfn.RANK.EQ(R37,$N37:$R37, 1) -> 5
A38: COE311K - 23F - Loveland Sec 15065 | B38: 5 | C38: 0.5 | D38: 0 | E38: 0 | F38: 0 | G38: 0 | H38: 2 | I38: 0.5 | J38: 0 | K38: 0 | L38: 0 | M38: =sum(C38+E38+G38+I38+K38+L38) -> 1 | N38: =100*1/(36+14+11+1) -> 1.6129032 | O38: =100*0/(36+14+11+1) -> 0 | P38: =100*11/(36+14+11+1) -> 17.741935 | Q38: =100*14/(36+14+11+1) -> 22.580645 | R38: =100*36/(36+14+11+1) -> 58.064516 | S38: =SUM(N38:R38) -> 100 | T38: =SUM(N38:O38) -> 1.6129032 | U38: =SUM(P38:R38) -> 98.387097 | V38: =SUM(T38:U38) -> 100 | W38: =SUM(N38:O38) -> 1.6129032 | X38: =P38 -> 17.741935 | Y38: =SUM(Q38:R38) -> 80.645161 | Z38: =_xlfn.RANK.EQ(N38,$N38:$R38, 1) -> 2 | AA38: =_xlfn.RANK.EQ(O38,$N38:$R38, 1) -> 1 | AB38: =_xlfn.RANK.EQ(P38,$N38:$R38, 1) -> 3 | AC38: =_xlfn.RANK.EQ(Q38,$N38:$R38, 1) -> 4 | AD38: =_xlfn.RANK.EQ(R38,$N38:$R38, 1) -> 5
A39: COE322 - 23F | B39: 21 | C39: 0.7 | D39: 1 | E39: 0.3 | F39: 0 | G39: 0 | H39: 0 | I39: 0 | J39: 0 | K39: 0 | L39: 0 | M39: =sum(C39+E39+G39+I39+K39+L39) -> 1 | N39: 3.77 | O39: 1.89 | P39: 3.77 | Q39: 15.09 | R39: 75.48 | S39: =SUM(N39:R39) -> 100 | T39: =SUM(N39:O39) -> 5.66 | U39: =SUM(P39:R39) -> 94.34 | V39: =SUM(T39:U39) -> 100 | W39: =SUM(N39:O39) -> 5.66 | X39: =P39 -> 3.77 | Y39: =SUM(Q39:R39) -> 90.57 | Z39: =_xlfn.RANK.EQ(N39,$N39:$R39, 1) -> 2 | AA39: =_xlfn.RANK.EQ(O39,$N39:$R39, 1) -> 1 | AB39: =_xlfn.RANK.EQ(P39,$N39:$R39, 1) -> 2 | AC39: =_xlfn.RANK.EQ(Q39,$N39:$R39, 1) -> 4 | AD39: =_xlfn.RANK.EQ(R39,$N39:$R39, 1) -> 5
A40: CS303 - 22F - 001 | B40: 15 | C40: 0.15 | D40: 3 | E40: 0.3 | F40: 1 | G40: 0.2 | H40: 1 | I40: 0.2 | J40: 6 | K40: 0.15 | L40: 0 | M40: =sum(C40+E40+G40+I40+K40+L40) -> 1 | N40: 5.37 | O40: 5.37 | P40: 8.72 | Q40: 26.85 | R40: 53.69 | S40: =SUM(N40:R40) -> 100 | T40: =SUM(N40:O40) -> 10.74 | U40: =SUM(P40:R40) -> 89.26 | V40: =SUM(T40:U40) -> 100 | W40: =SUM(N40:O40) -> 10.74 | X40: =P40 -> 8.72 | Y40: =SUM(Q40:R40) -> 80.54 | Z40: =_xlfn.RANK.EQ(N40,$N40:$R40, 1) -> 1 | AA40: =_xlfn.RANK.EQ(O40,$N40:$R40, 1) -> 1 | AB40: =_xlfn.RANK.EQ(P40,$N40:$R40, 1) -> 3 | AC40: =_xlfn.RANK.EQ(Q40,$N40:$R40, 1) -> 4 | AD40: =_xlfn.RANK.EQ(R40,$N40:$R40, 1) -> 5
A41: CS303 - 22F - 002 | B41: 15 | C41: 0.15 | D41: 3 | E41: 0.3 | F41: 1 | G41: 0.2 | H41: 1 | I41: 0.2 | J41: 6 | K41: 0.15 | L41: 0 | M41: =sum(C41+E41+G41+I41+K41+L41) -> 1 | N41: 3.21 | O41: 1.92 | P41: 10.9 | Q41: 26.28 | R41: 57.69 | S41: =SUM(N41:R41) -> 100 | T41: =SUM(N41:O41) -> 5.13 | U41: =SUM(P41:R41) -> 94.87 | V41: =SUM(T41:U41) -> 100 | W41: =SUM(N41:O41) -> 5.13 | X41: =P41 -> 10.9 | Y41: =SUM(Q41:R41) -> 83.97 | Z41: =_xlfn.RANK.EQ(N41,$N41:$R41, 1) -> 2 | AA41: =_xlfn.RANK.EQ(O41,$N41:$R41, 1) -> 1 | AB41: =_xlfn.RANK.EQ(P41,$N41:$R41, 1) -> 3 | AC41: =_xlfn.RANK.EQ(Q41,$N41:$R41, 1) -> 4 | AD41: =_xlfn.RANK.EQ(R41,$N41:$R41, 1) -> 5
A42: CS303 - 22F - 003 | B42: 15 | C42: 0.15 | D42: 3 | E42: 0.3 | F42: 1 | G42: 0.2 | H42: 1 | I42: 0.2 | J42: 6 | K42: 0.15 | L42: 0 | M42: =sum(C42+E42+G42+I42+K42+L42) -> 1 | N42: 6.54 | O42: 2.61 | P42: 15.03 | Q42: 17.65 | R42: 58.17 | S42: =SUM(N42:R42) -> 100 | T42: =SUM(N42:O42) -> 9.15 | U42: =SUM(P42:R42) -> 90.85 | V42: =SUM(T42:U42) -> 100 | W42: =SUM(N42:O42) -> 9.15 | X42: =P42 -> 15.03 | Y42: =SUM(Q42:R42) -> 75.82 | Z42: =_xlfn.RANK.EQ(N42,$N42:$R42, 1) -> 2 | AA42: =_xlfn.RANK.EQ(O42,$N42:$R42, 1) -> 1 | AB42: =_xlfn.RANK.EQ(P42,$N42:$R42, 1) -> 3 | AC42: =_xlfn.RANK.EQ(Q42,$N42:$R42, 1) -> 4 | AD42: =_xlfn.RANK.EQ(R42,$N42:$R42, 1) -> 5
A43: CS314 HONORS - 22F | B43: 7 | C43: 0.5 | D43: 0 | E43: 0 | F43: 1 | G43: 0.3 | H43: 1 | I43: 0.2 | J43: 0 | K43: 0 | L43: 0 | M43: =sum(C43+E43+G43+I43+K43+L43) -> 1 | N43: 0 | O43: 2.5 | P43: 7.5 | Q43: 40 | R43: 50 | S43: =SUM(N43:R43) -> 100 | T43: =SUM(N43:O43) -> 2.5 | U43: =SUM(P43:R43) -> 97.5 | V43: =SUM(T43:U43) -> 100 | W43: =SUM(N43:O43) -> 2.5 | X43: =P43 -> 7.5 | Y43: =SUM(Q43:R43) -> 90 | Z43: =_xlfn.RANK.EQ(N43,$N43:$R43, 1) -> 1 | AA43: =_xlfn.RANK.EQ(O43,$N43:$R43, 1) -> 2 | AB43: =_xlfn.RANK.EQ(P43,$N43:$R43, 1) -> 3 | AC43: =_xlfn.RANK.EQ(Q43,$N43:$R43, 1) -> 4 | AD43: =_xlfn.RANK.EQ(R43,$N43:$R43, 1) -> 5
A44: CS314 HONORS - 23F | B44: 7 | C44: 0.55 | D44: 0 | E44: 0 | F44: 0 | G44: 0 | H44: 2 | I44: 0.45 | J44: 0 | K44: 0 | L44: 0 | M44: =sum(C44+E44+G44+I44+K44+L44) -> 1 | N44: 0 | O44: 0 | P44: 18.18 | Q44: 36.37 | R44: 45.45 | S44: =SUM(N44:R44) -> 100 | T44: =SUM(N44:O44) -> 0 | U44: =SUM(P44:R44) -> 100 | V44: =SUM(T44:U44) -> 100 | W44: =SUM(N44:O44) -> 0 | X44: =P44 -> 18.18 | Y44: =SUM(Q44:R44) -> 81.82 | Z44: =_xlfn.RANK.EQ(N44,$N44:$R44, 1) -> 1 | AA44: =_xlfn.RANK.EQ(O44,$N44:$R44, 1) -> 1 | AB44: =_xlfn.RANK.EQ(P44,$N44:$R44, 1) -> 3 | AC44: =_xlfn.RANK.EQ(Q44,$N44:$R44, 1) -> 4 | AD44: =_xlfn.RANK.EQ(R44,$N44:$R44, 1) -> 5
A45: CS314 - 23F | B45: 11 | C45: 0.22 | D45: 0 | E45: 0 | F45: 1 | G45: 0.24 | H45: 2 | I45: 0.49 | J45: 10 | K45: 0.05 | L45: 0 | M45: =sum(C45+E45+G45+I45+K45+L45) -> 1 | N45: 2.42 | O45: 5.14 | P45: 18.72 | Q45: 35.35 | R45: 38.37 | S45: =SUM(N45:R45) -> 100 | T45: =SUM(N45:O45) -> 7.56 | U45: =SUM(P45:R45) -> 92.44 | V45: =SUM(T45:U45) -> 100 | W45: =SUM(N45:O45) -> 7.56 | X45: =P45 -> 18.72 | Y45: =SUM(Q45:R45) -> 73.72 | Z45: =_xlfn.RANK.EQ(N45,$N45:$R45, 1) -> 1 | AA45: =_xlfn.RANK.EQ(O45,$N45:$R45, 1) -> 2 | AB45: =_xlfn.RANK.EQ(P45,$N45:$R45, 1) -> 3 | AC45: =_xlfn.RANK.EQ(Q45,$N45:$R45, 1) -> 4 | AD45: =_xlfn.RANK.EQ(R45,$N45:$R45, 1) -> 5
A46: ECE381V - 21F Wang Sec 17035 | B46: 0 | C46: 0 | D46: 4 | E46: 0.6 | F46: 0 | G46: 0 | H46: 0 | I46: 0 | J46: 3 | K46: 0.3 | L46: 0.1 | M46: =sum(C46+E46+G46+I46+K46+L46) -> 1 | N46: 0 | O46: 0 | P46: 0 | Q46: =100/28 -> 3.5714286 | R46: =100*27/28 -> 96.428571 | S46: =SUM(N46:R46) -> 100 | T46: =SUM(N46:O46) -> 0 | U46: =SUM(P46:R46) -> 100 | V46: =SUM(T46:U46) -> 100 | W46: =SUM(N46:O46) -> 0 | X46: =P46 -> 0 | Y46: =SUM(Q46:R46) -> 100 | Z46: =_xlfn.RANK.EQ(N46,$N46:$R46, 1) -> 1 | AA46: =_xlfn.RANK.EQ(O46,$N46:$R46, 1) -> 1 | AB46: =_xlfn.RANK.EQ(P46,$N46:$R46, 1) -> 1 | AC46: =_xlfn.RANK.EQ(Q46,$N46:$R46, 1) -> 4 | AD46: =_xlfn.RANK.EQ(R46,$N46:$R46, 1) -> 5
A47: ECE381V - 21F Harwath Sec 17055 | B47: 11 | C47: 0.6 | D47: 1 | E47: 0.4 | F47: 0 | G47: 0 | H47: 0 | I47: 0 | J47: 0 | K47: 0 | L47: 0 | M47: =sum(C47+E47+G47+I47+K47+L47) -> 1 | N47: 0 | O47: 0 | P47: =1/8*100 -> 12.5 | Q47: =1/8*100 -> 12.5 | R47: =6/8*100 -> 75 | S47: =SUM(N47:R47) -> 100 | T47: =SUM(N47:O47) -> 0 | U47: =SUM(P47:R47) -> 100 | V47: =SUM(T47:U47) -> 100 | W47: =SUM(N47:O47) -> 0 | X47: =P47 -> 12.5 | Y47: =SUM(Q47:R47) -> 87.5 | Z47: =_xlfn.RANK.EQ(N47,$N47:$R47, 1) -> 1 | AA47: =_xlfn.RANK.EQ(O47,$N47:$R47, 1) -> 1 | AB47: =_xlfn.RANK.EQ(P47,$N47:$R47, 1) -> 3 | AC47: =_xlfn.RANK.EQ(Q47,$N47:$R47, 1) -> 3 | AD47: =_xlfn.RANK.EQ(R47,$N47:$R47, 1) -> 5
A48: ECE382N - 21 F Swartzlander Sec 17115 | B48: 15 | C48: 0.05 | D48: 1 | E48: 0.35 | F48: 0 | G48: 0 | H48: 3 | I48: 0.6 | J48: 0 | K48: 0 | L48: 0 | M48: =sum(C48+E48+G48+I48+K48+L48) -> 1 | N48: 0 | O48: 0 | P48: =100/48 -> 2.0833333 | Q48: =100*6/48 -> 12.5 | R48: =100*41/48 -> 85.416667 | S48: =SUM(N48:R48) -> 100 | T48: =SUM(N48:O48) -> 0 | U48: =SUM(P48:R48) -> 100 | V48: =SUM(T48:U48) -> 100 | W48: =SUM(N48:O48) -> 0 | X48: =P48 -> 2.0833333 | Y48: =SUM(Q48:R48) -> 97.916667 | Z48: =_xlfn.RANK.EQ(N48,$N48:$R48, 1) -> 1 | AA48: =_xlfn.RANK.EQ(O48,$N48:$R48, 1) -> 1 | AB48: =_xlfn.RANK.EQ(P48,$N48:$R48, 1) -> 3 | AC48: =_xlfn.RANK.EQ(Q48,$N48:$R48, 1) -> 4 | AD48: =_xlfn.RANK.EQ(R48,$N48:$R48, 1) -> 5
A49: ECE313 - 23F - A. MOKHTARI | B49: 13 | C49: 0.25 | D49: 0 | E49: 0 | F49: 1 | G49: 0.35 | H49: 2 | I49: 0.4 | J49: 0 | K49: 0 | L49: 0 | M49: =sum(C49+E49+G49+I49+K49+L49) -> 1 | N49: 6.06 | O49: 18.18 | P49: 24.24 | Q49: 18.18 | R49: 33.34 | S49: =SUM(N49:R49) -> 100 | T49: =SUM(N49:O49) -> 24.24 | U49: =SUM(P49:R49) -> 75.76 | V49: =SUM(T49:U49) -> 100 | W49: =SUM(N49:O49) -> 24.24 | X49: =P49 -> 24.24 | Y49: =SUM(Q49:R49) -> 51.52 | Z49: =_xlfn.RANK.EQ(N49,$N49:$R49, 1) -> 1 | AA49: =_xlfn.RANK.EQ(O49,$N49:$R49, 1) -> 2 | AB49: =_xlfn.RANK.EQ(P49,$N49:$R49, 1) -> 4 | AC49: =_xlfn.RANK.EQ(Q49,$N49:$R49, 1) -> 2 | AD49: =_xlfn.RANK.EQ(R49,$N49:$R49, 1) -> 5
A50: ECE313 - 23F - A. CUEVAS | B50: 14 | C50: 0.15 | D50: 0 | E50: 0 | F50: 1 | G50: 0.25 | H50: 2 | I50: 0.45 | J50: 42 | K50: 0.1 | L50: 0.05 | M50: =sum(C50+E50+G50+I50+K50+L50) -> 1 | N50: 6.45 | O50: 0 | P50: 22.58 | Q50: 48.39 | R50: 22.58 | S50: =SUM(N50:R50) -> 100 | T50: =SUM(N50:O50) -> 6.45 | U50: =SUM(P50:R50) -> 93.55 | V50: =SUM(T50:U50) -> 100 | W50: =SUM(N50:O50) -> 6.45 | X50: =P50 -> 22.58 | Y50: =SUM(Q50:R50) -> 70.97 | Z50: =_xlfn.RANK.EQ(N50,$N50:$R50, 1) -> 2 | AA50: =_xlfn.RANK.EQ(O50,$N50:$R50, 1) -> 1 | AB50: =_xlfn.RANK.EQ(P50,$N50:$R50, 1) -> 3 | AC50: =_xlfn.RANK.EQ(Q50,$N50:$R50, 1) -> 5 | AD50: =_xlfn.RANK.EQ(R50,$N50:$R50, 1) -> 3
A51: ME338 - 14F | B51: 6 | C51: 0.15 | D51: 5 | E51: 0.3 | F51: 0 | G51: 0 | H51: 3 | I51: 0.45 | J51: 26 | K51: 0.1 | L51: 0 | M51: =sum(C51+E51+G51+I51+K51+L51) -> 1 | N51: 0 | O51: 0 | P51: 0.95 | Q51: 23.81 | R51: 75.24 | S51: =SUM(N51:R51) -> 100 | T51: =SUM(N51:O51) -> 0 | U51: =SUM(P51:R51) -> 100 | V51: =SUM(T51:U51) -> 100 | W51: =SUM(N51:O51) -> 0 | X51: =P51 -> 0.95 | Y51: =SUM(Q51:R51) -> 99.05 | Z51: =_xlfn.RANK.EQ(N51,$N51:$R51, 1) -> 1 | AA51: =_xlfn.RANK.EQ(O51,$N51:$R51, 1) -> 1 | AB51: =_xlfn.RANK.EQ(P51,$N51:$R51, 1) -> 3 | AC51: =_xlfn.RANK.EQ(Q51,$N51:$R51, 1) -> 4 | AD51: =_xlfn.RANK.EQ(R51,$N51:$R51, 1) -> 5
A52: ME344 - 16S | B52: 17 | C52: 0.15 | D52: 0 | E52: 0 | F52: 1 | G52: 0.3 | H52: 2 | I52: 0.5 | J52: 0 | K52: 0 | L52: 0.05 | M52: =sum(C52+E52+G52+I52+K52+L52) -> 1 | N52: 0 | O52: 6.67 | P52: 46.66 | Q52: 10 | R52: 36.67 | S52: =SUM(N52:R52) -> 100 | T52: =SUM(N52:O52) -> 6.67 | U52: =SUM(P52:R52) -> 93.33 | V52: =SUM(T52:U52) -> 100 | W52: =SUM(N52:O52) -> 6.67 | X52: =P52 -> 46.66 | Y52: =SUM(Q52:R52) -> 46.67 | Z52: =_xlfn.RANK.EQ(N52,$N52:$R52, 1) -> 1 | AA52: =_xlfn.RANK.EQ(O52,$N52:$R52, 1) -> 2 | AB52: =_xlfn.RANK.EQ(P52,$N52:$R52, 1) -> 5 | AC52: =_xlfn.RANK.EQ(Q52,$N52:$R52, 1) -> 3 | AD52: =_xlfn.RANK.EQ(R52,$N52:$R52, 1) -> 4
A53: ME374C - 16S Combustion Engine Processes | B53: 8 | C53: 0.3 | D53: 0 | E53: 0 | F53: 1 | G53: 0.3 | H53: 2 | I53: 0.4 | J53: 0 | K53: 0 | L53: 0 | M53: =sum(C53+E53+G53+I53+K53+L53) -> 1 | N53: 0 | O53: =1/(16+8+5+1)*100 -> 3.3333333 | P53: =5/(16+8+5+1)*100 -> 16.666667 | Q53: =8/(16+8+5+1)*100 -> 26.666667 | R53: =16/(16+8+5+1)*100 -> 53.333333 | S53: =SUM(N53:R53) -> 100 | T53: =SUM(N53:O53) -> 3.3333333 | U53: =SUM(P53:R53) -> 96.666667 | V53: =SUM(T53:U53) -> 100 | W53: =SUM(N53:O53) -> 3.3333333 | X53: =P53 -> 16.666667 | Y53: =SUM(Q53:R53) -> 80 | Z53: =_xlfn.RANK.EQ(N53,$N53:$R53, 1) -> 1 | AA53: =_xlfn.RANK.EQ(O53,$N53:$R53, 1) -> 2 | AB53: =_xlfn.RANK.EQ(P53,$N53:$R53, 1) -> 3 | AC53: =_xlfn.RANK.EQ(Q53,$N53:$R53, 1) -> 4 | AD53: =_xlfn.RANK.EQ(R53,$N53:$R53, 1) -> 5
A54: ME334 - 16S - Y. ZHENG | B54: 7 | C54: 0.1 | D54: 0 | E54: 0 | F54: 1 | G54: 0.45 | H54: 2 | I54: 0.4 | J54: 0 | K54: 0 | L54: 0.05 | M54: =sum(C54+E54+G54+I54+K54+L54) -> 1 | N54: 4 | O54: 4 | P54: 14 | Q54: 38 | R54: 40 | S54: =SUM(N54:R54) -> 100 | T54: =SUM(N54:O54) -> 8 | U54: =SUM(P54:R54) -> 92 | V54: =SUM(T54:U54) -> 100 | W54: =SUM(N54:O54) -> 8 | X54: =P54 -> 14 | Y54: =SUM(Q54:R54) -> 78 | Z54: =_xlfn.RANK.EQ(N54,$N54:$R54, 1) -> 1 | AA54: =_xlfn.RANK.EQ(O54,$N54:$R54, 1) -> 1 | AB54: =_xlfn.RANK.EQ(P54,$N54:$R54, 1) -> 3 | AC54: =_xlfn.RANK.EQ(Q54,$N54:$R54, 1) -> 4 | AD54: =_xlfn.RANK.EQ(R54,$N54:$R54, 1) -> 5
A55: ME354 - 16S | B55: 12 | C55: 0.65 | D55: 3 | E55: 0.15 | F55: 0 | G55: 0 | H55: 0 | I55: 0 | J55: 29 | K55: 0.2 | L55: 0 | M55: =sum(C55+E55+G55+I55+K55+L55) -> 1 | N55: 0 | O55: 0 | P55: 0 | Q55: 9.52 | R55: 90.48 | S55: =SUM(N55:R55) -> 100 | T55: =SUM(N55:O55) -> 0 | U55: =SUM(P55:R55) -> 100 | V55: =SUM(T55:U55) -> 100 | W55: =SUM(N55:O55) -> 0 | X55: =P55 -> 0 | Y55: =SUM(Q55:R55) -> 100 | Z55: =_xlfn.RANK.EQ(N55,$N55:$R55, 1) -> 1 | AA55: =_xlfn.RANK.EQ(O55,$N55:$R55, 1) -> 1 | AB55: =_xlfn.RANK.EQ(P55,$N55:$R55, 1) -> 1 | AC55: =_xlfn.RANK.EQ(Q55,$N55:$R55, 1) -> 4 | AD55: =_xlfn.RANK.EQ(R55,$N55:$R55, 1) -> 5
A56: ME344 - 16S - Chen Sec 18080/18085 | B56: 7 | C56: 0.15 | D56: 0 | E56: 0 | F56: 1 | G56: 0.35 | H56: 0 | I56: 0 | J56: 2 | K56: 0.5 | L56: 0 | M56: =sum(C56+E56+G56+I56+K56+L56) -> 1 | N56: =(0+1)/(15+16+8+10+21+8+1)*100 -> 1.2658228 | O56: =(0+0)/(15+16+8+10+21+8+1)*100 -> 0 | P56: =(8+8)/(15+16+8+10+21+8+1)*100 -> 20.253165 | Q56: =(16+21)/(15+16+8+10+21+8+1)*100 -> 46.835443 | R56: =(15+10)/(15+16+8+10+21+8+1)*100 -> 31.64557 | S56: =SUM(N56:R56) -> 100 | T56: =SUM(N56:O56) -> 1.2658228 | U56: =SUM(P56:R56) -> 98.734177 | V56: =SUM(T56:U56) -> 100 | W56: =SUM(N56:O56) -> 1.2658228 | X56: =P56 -> 20.253165 | Y56: =SUM(Q56:R56) -> 78.481013 | Z56: =_xlfn.RANK.EQ(N56,$N56:$R56, 1) -> 2 | AA56: =_xlfn.RANK.EQ(O56,$N56:$R56, 1) -> 1 | AB56: =_xlfn.RANK.EQ(P56,$N56:$R56, 1) -> 3 | AC56: =_xlfn.RANK.EQ(Q56,$N56:$R56, 1) -> 5 | AD56: =_xlfn.RANK.EQ(R56,$N56:$R56, 1) -> 4
A57: ME344 - 16S - Moon Sec 18075 | B57: 12 | C57: 0.15 | D57: 0 | E57: 0 | F57: 1 | G57: 0.3 | H57: 2 | I57: 0.5 | J57: 0 | K57: 0 | L57: 0.05 | M57: =sum(C57+E57+G57+I57+K57+L57) -> 1 | N57: 0 | O57: =2/(11+3+14+2)*100 -> 6.6666667 | P57: =14/(11+3+14+2)*100 -> 46.666667 | Q57: =3/(11+3+14+2)*100 -> 10 | R57: =11/(11+3+14+2)*100 -> 36.666667 | S57: =SUM(N57:R57) -> 100 | T57: =SUM(N57:O57) -> 6.6666667 | U57: =SUM(P57:R57) -> 93.333333 | V57: =SUM(T57:U57) -> 100 | W57: =SUM(N57:O57) -> 6.6666667 | X57: =P57 -> 46.666667 | Y57: =SUM(Q57:R57) -> 46.666667 | Z57: =_xlfn.RANK.EQ(N57,$N57:$R57, 1) -> 1 | AA57: =_xlfn.RANK.EQ(O57,$N57:$R57, 1) -> 2 | AB57: =_xlfn.RANK.EQ(P57,$N57:$R57, 1) -> 5 | AC57: =_xlfn.RANK.EQ(Q57,$N57:$R57, 1) -> 3 | AD57: =_xlfn.RANK.EQ(R57,$N57:$R57, 1) -> 4
A58: ME330 - 16F | B58: 12 | C58: 0.2 | D58: 0 | E58: 0 | F58: 1 | G58: 0.4 | H58: 2 | I58: 0.4 | J58: 0 | K58: 0 | L58: 0 | M58: =sum(C58+E58+G58+I58+K58+L58) -> 1 | N58: 1.83 | O58: 1.83 | P58: 30.28 | Q58: 38.53 | R58: 27.53 | S58: =SUM(N58:R58) -> 100 | T58: =SUM(N58:O58) -> 3.66 | U58: =SUM(P58:R58) -> 96.34 | V58: =SUM(T58:U58) -> 100 | W58: =SUM(N58:O58) -> 3.66 | X58: =P58 -> 30.28 | Y58: =SUM(Q58:R58) -> 66.06 | Z58: =_xlfn.RANK.EQ(N58,$N58:$R58, 1) -> 1 | AA58: =_xlfn.RANK.EQ(O58,$N58:$R58, 1) -> 1 | AB58: =_xlfn.RANK.EQ(P58,$N58:$R58, 1) -> 4 | AC58: =_xlfn.RANK.EQ(Q58,$N58:$R58, 1) -> 5 | AD58: =_xlfn.RANK.EQ(R58,$N58:$R58, 1) -> 3
A59: ME339 - 16F - Vaibhav Bahadur | B59: 9 | C59: 0.1 | D59: 0 | E59: 0 | F59: 1 | G59: 0.4 | H59: 2 | I59: 0.5 | J59: 0 | K59: 0 | L59: 0 | M59: =sum(C59+E59+G59+I59+K59+L59) -> 1 | N59: 0 | O59: 0 | P59: 8.43 | Q59: 42.17 | R59: 49.4 | S59: =SUM(N59:R59) -> 100 | T59: =SUM(N59:O59) -> 0 | U59: =SUM(P59:R59) -> 100 | V59: =SUM(T59:U59) -> 100 | W59: =SUM(N59:O59) -> 0 | X59: =P59 -> 8.43 | Y59: =SUM(Q59:R59) -> 91.57 | Z59: =_xlfn.RANK.EQ(N59,$N59:$R59, 1) -> 1 | AA59: =_xlfn.RANK.EQ(O59,$N59:$R59, 1) -> 1 | AB59: =_xlfn.RANK.EQ(P59,$N59:$R59, 1) -> 3 | AC59: =_xlfn.RANK.EQ(Q59,$N59:$R59, 1) -> 4 | AD59: =_xlfn.RANK.EQ(R59,$N59:$R59, 1) -> 5
A60: ME339 - 16F - Alex Heltzel | B60: 9 | C60: 0.1 | D60: 0 | E60: 0 | F60: 1 | G60: 0.4 | H60: 2 | I60: 0.5 | J60: 0 | K60: 0 | L60: 0 | M60: =sum(C60+E60+G60+I60+K60+L60) -> 1 | N60: 2.25 | O60: 1.12 | P60: 8.99 | Q60: 51.69 | R60: 35.95 | S60: =SUM(N60:R60) -> 100 | T60: =SUM(N60:O60) -> 3.37 | U60: =SUM(P60:R60) -> 96.63 | V60: =SUM(T60:U60) -> 100 | W60: =SUM(N60:O60) -> 3.37 | X60: =P60 -> 8.99 | Y60: =SUM(Q60:R60) -> 87.64 | Z60: =_xlfn.RANK.EQ(N60,$N60:$R60, 1) -> 2 | AA60: =_xlfn.RANK.EQ(O60,$N60:$R60, 1) -> 1 | AB60: =_xlfn.RANK.EQ(P60,$N60:$R60, 1) -> 3 | AC60: =_xlfn.RANK.EQ(Q60,$N60:$R60, 1) -> 5 | AD60: =_xlfn.RANK.EQ(R60,$N60:$R60, 1) -> 4
A61: ME340 - 16F - Wei Li | B61: 7 | C61: 0.1 | D61: 0 | E61: 0 | F61: 1 | G61: 0.3 | H61: 2 | I61: 0.5 | J61: 5 | K61: 0.1 | L61: 0 | M61: =sum(C61+E61+G61+I61+K61+L61) -> 1 | N61: 0 | O61: 1.41 | P61: 23.94 | Q61: 35.21 | R61: 39.44 | S61: =SUM(N61:R61) -> 100 | T61: =SUM(N61:O61) -> 1.41 | U61: =SUM(P61:R61) -> 98.59 | V61: =SUM(T61:U61) -> 100 | W61: =SUM(N61:O61) -> 1.41 | X61: =P61 -> 23.94 | Y61: =SUM(Q61:R61) -> 74.65 | Z61: =_xlfn.RANK.EQ(N61,$N61:$R61, 1) -> 1 | AA61: =_xlfn.RANK.EQ(O61,$N61:$R61, 1) -> 2 | AB61: =_xlfn.RANK.EQ(P61,$N61:$R61, 1) -> 3 | AC61: =_xlfn.RANK.EQ(Q61,$N61:$R61, 1) -> 4 | AD61: =_xlfn.RANK.EQ(R61,$N61:$R61, 1) -> 5
A62: ME353 - 17F - Sec. 18220 | B62: 10 | C62: 0.2 | D62: 1 | E62: 0.1 | F62: 1 | G62: 0.3 | H62: 2 | I62: 0.35 | J62: 0 | K62: 0 | L62: 0.05 | M62: =sum(C62+E62+G62+I62+K62+L62) -> 1 | N62: 0 | O62: 8.33 | P62: 8.33 | Q62: 58.34 | R62: 25 | S62: =SUM(N62:R62) -> 100 | T62: =SUM(N62:O62) -> 8.33 | U62: =SUM(P62:R62) -> 91.67 | V62: =SUM(T62:U62) -> 100 | W62: =SUM(N62:O62) -> 8.33 | X62: =P62 -> 8.33 | Y62: =SUM(Q62:R62) -> 83.34 | Z62: =_xlfn.RANK.EQ(N62,$N62:$R62, 1) -> 1 | AA62: =_xlfn.RANK.EQ(O62,$N62:$R62, 1) -> 2 | AB62: =_xlfn.RANK.EQ(P62,$N62:$R62, 1) -> 2 | AC62: =_xlfn.RANK.EQ(Q62,$N62:$R62, 1) -> 5 | AD62: =_xlfn.RANK.EQ(R62,$N62:$R62, 1) -> 4
A63: ME353 - 17F - Sec. 18225 | B63: 10 | C63: 0.2 | D63: 1 | E63: 0.1 | F63: 1 | G63: 0.3 | H63: 2 | I63: 0.35 | J63: 0 | K63: 0 | L63: 0.05 | M63: =sum(C63+E63+G63+I63+K63+L63) -> 1 | N63: 0 | O63: 5 | P63: 10 | Q63: 30 | R63: 55 | S63: =SUM(N63:R63) -> 100 | T63: =SUM(N63:O63) -> 5 | U63: =SUM(P63:R63) -> 95 | V63: =SUM(T63:U63) -> 100 | W63: =SUM(N63:O63) -> 5 | X63: =P63 -> 10 | Y63: =SUM(Q63:R63) -> 85 | Z63: =_xlfn.RANK.EQ(N63,$N63:$R63, 1) -> 1 | AA63: =_xlfn.RANK.EQ(O63,$N63:$R63, 1) -> 2 | AB63: =_xlfn.RANK.EQ(P63,$N63:$R63, 1) -> 3 | AC63: =_xlfn.RANK.EQ(Q63,$N63:$R63, 1) -> 4 | AD63: =_xlfn.RANK.EQ(R63,$N63:$R63, 1) -> 5
A64: ME343 - 17F | B64: 9 | C64: 0.075 | D64: 1 | E64: 0.4 | F64: 0 | G64: 0 | H64: 2 | I64: 0.45 | J64: 12 | K64: 0.075 | L64: 0 | M64: =sum(C64+E64+G64+I64+K64+L64) -> 1 | N64: 0 | O64: 0 | P64: 9.09 | Q64: 50 | R64: 40.91 | S64: =SUM(N64:R64) -> 100 | T64: =SUM(N64:O64) -> 0 | U64: =SUM(P64:R64) -> 100 | V64: =SUM(T64:U64) -> 100 | W64: =SUM(N64:O64) -> 0 | X64: =P64 -> 9.09 | Y64: =SUM(Q64:R64) -> 90.91 | Z64: =_xlfn.RANK.EQ(N64,$N64:$R64, 1) -> 1 | AA64: =_xlfn.RANK.EQ(O64,$N64:$R64, 1) -> 1 | AB64: =_xlfn.RANK.EQ(P64,$N64:$R64, 1) -> 3 | AC64: =_xlfn.RANK.EQ(Q64,$N64:$R64, 1) -> 5 | AD64: =_xlfn.RANK.EQ(R64,$N64:$R64, 1) -> 4
A65: ME310T - 18S Sec 16755 | B65: 13 | C65: 0.2 | D65: 0 | E65: 0 | F65: 1 | G65: 0.35 | H65: 3 | I65: 0.45 | J65: 0 | K65: 0 | L65: 0 | M65: =sum(C65+E65+G65+I65+K65+L65) -> 1 | N65: =100*4/(86+29+17+7+4) -> 2.7972028 | O65: =100*7/(86+29+17+7+4) -> 4.8951049 | P65: =100*17/(86+29+17+7+4) -> 11.888112 | Q65: =100*29/(86+29+17+7+4) -> 20.27972 | R65: =100*86/(86+29+17+7+4) -> 60.13986 | S65: =SUM(N65:R65) -> 100 | T65: =SUM(N65:O65) -> 7.6923077 | U65: =SUM(P65:R65) -> 92.307692 | V65: =SUM(T65:U65) -> 100 | W65: =SUM(N65:O65) -> 7.6923077 | X65: =P65 -> 11.888112 | Y65: =SUM(Q65:R65) -> 80.41958 | Z65: =_xlfn.RANK.EQ(N65,$N65:$R65, 1) -> 1 | AA65: =_xlfn.RANK.EQ(O65,$N65:$R65, 1) -> 2 | AB65: =_xlfn.RANK.EQ(P65,$N65:$R65, 1) -> 3 | AC65: =_xlfn.RANK.EQ(Q65,$N65:$R65, 1) -> 4 | AD65: =_xlfn.RANK.EQ(R65,$N65:$R65, 1) -> 5
A66: ME314D - 18S Sagers Sec 16780/85/90/95 | B66: 0 | C66: 0 | D66: 0 | E66: 0 | F66: 1 | G66: 0.3 | H66: 2 | I66: 0.5 | J66: 12 | K66: 0.2 | L66: 0 | M66: =sum(C66+E66+G66+I66+K66+L66) -> 1 | N66: =100*1/(7+4+8+1+7+11+5+6+12+5+3+14+4+2+1) -> 1.1111111 | O66: =100*(2+1)/(7+4+8+1+7+11+5+6+12+5+3+14+4+2+1) -> 3.3333333 | P66: =100*(8+5+5+4)/(7+4+8+1+7+11+5+6+12+5+3+14+4+2+1) -> 24.444444 | Q66: =100*(4+11+12+14)/(7+4+8+1+7+11+5+6+12+5+3+14+4+2+1) -> 45.555556 | R66: =100*(7+7+6+3)/(7+4+8+1+7+11+5+6+12+5+3+14+4+2+1) -> 25.555556 | S66: =SUM(N66:R66) -> 100 | T66: =SUM(N66:O66) -> 4.4444444 | U66: =SUM(P66:R66) -> 95.555556 | V66: =SUM(T66:U66) -> 100 | W66: =SUM(N66:O66) -> 4.4444444 | X66: =P66 -> 24.444444 | Y66: =SUM(Q66:R66) -> 71.111111 | Z66: =_xlfn.RANK.EQ(N66,$N66:$R66, 1) -> 1 | AA66: =_xlfn.RANK.EQ(O66,$N66:$R66, 1) -> 2 | AB66: =_xlfn.RANK.EQ(P66,$N66:$R66, 1) -> 3 | AC66: =_xlfn.RANK.EQ(Q66,$N66:$R66, 1) -> 5 | AD66: =_xlfn.RANK.EQ(R66,$N66:$R66, 1) -> 4
A67: ME314D - 18S Tao Sec 16760/65/70/75 | B67: 0 | C67: 0 | D67: 0 | E67: 0 | F67: 1 | G67: 0.35 | H67: 2 | I67: 0.5 | J67: 12 | K67: 0.15 | L67: 0 | M67: =sum(C67+E67+G67+I67+K67+L67) -> 1 | N67: 0 | O67: =0 -> 0 | P67: =100*(3+4+1+2)/(17+11+3+11+16+4+10+20+1+6+9+2) -> 9.0909091 | Q67: =100*(11+16+20+9)/(17+11+3+11+16+4+10+20+1+6+9+2) -> 50.909091 | R67: =100*(17+11+10+6)/(17+11+3+11+16+4+10+20+1+6+9+2) -> 40 | S67: =SUM(N67:R67) -> 100 | T67: =SUM(N67:O67) -> 0 | U67: =SUM(P67:R67) -> 100 | V67: =SUM(T67:U67) -> 100 | W67: =SUM(N67:O67) -> 0 | X67: =P67 -> 9.0909091 | Y67: =SUM(Q67:R67) -> 90.909091 | Z67: =_xlfn.RANK.EQ(N67,$N67:$R67, 1) -> 1 | AA67: =_xlfn.RANK.EQ(O67,$N67:$R67, 1) -> 1 | AB67: =_xlfn.RANK.EQ(P67,$N67:$R67, 1) -> 3 | AC67: =_xlfn.RANK.EQ(Q67,$N67:$R67, 1) -> 5 | AD67: =_xlfn.RANK.EQ(R67,$N67:$R67, 1) -> 4
A68: ME316T - 18S Hall Sec 16805/10/15/20 | B68: 11 | C68: 0.1 | D68: 0 | E68: 0 | F68: 1 | G68: 0.3 | H68: 3 | I68: 0.5 | J68: 9 | K68: 0.1 | L68: 0 | M68: =sum(C68+E68+G68+I68+K68+L68) -> 1 | N68: =100*1/(9+9+13+1+14+7+10+1+1+7+10+15+2+13+8+9+2) -> 0.76335878 | O68: =100*(1+1+2+2)/(9+9+13+1+14+7+10+1+1+7+10+15+2+13+8+9+2) -> 4.5801527 | P68: =100*(13+10+15+9)/(9+9+13+1+14+7+10+1+1+7+10+15+2+13+8+9+2) -> 35.877863 | Q68: =100*(9+7+10+8)/(9+9+13+1+14+7+10+1+1+7+10+15+2+13+8+9+2) -> 25.954198 | R68: =100*(9+14+7+13)/(9+9+13+1+14+7+10+1+1+7+10+15+2+13+8+9+2) -> 32.824427 | S68: =SUM(N68:R68) -> 100 | T68: =SUM(N68:O68) -> 5.3435115 | U68: =SUM(P68:R68) -> 94.656489 | V68: =SUM(T68:U68) -> 100 | W68: =SUM(N68:O68) -> 5.3435115 | X68: =P68 -> 35.877863 | Y68: =SUM(Q68:R68) -> 58.778626 | Z68: =_xlfn.RANK.EQ(N68,$N68:$R68, 1) -> 1 | AA68: =_xlfn.RANK.EQ(O68,$N68:$R68, 1) -> 2 | AB68: =_xlfn.RANK.EQ(P68,$N68:$R68, 1) -> 5 | AC68: =_xlfn.RANK.EQ(Q68,$N68:$R68, 1) -> 3 | AD68: =_xlfn.RANK.EQ(R68,$N68:$R68, 1) -> 4
A69: ME359 - 18F Bourell Sec 18340 | B69: 10 | C69: 0.15 | D69: 0 | E69: 0 | F69: 1 | G69: 0.3 | H69: 2 | I69: 0.4 | J69: 0 | K69: 0 | L69: 0.15 | M69: =sum(C69+E69+G69+I69+K69+L69) -> 1 | N69: 0 | O69: =100*1/(6+15+10+1) -> 3.125 | P69: =10*100/(6+15+10+1) -> 31.25 | Q69: =15*100/(6+15+10+1) -> 46.875 | R69: =6*100/(6+15+10+1) -> 18.75 | S69: =SUM(N69:R69) -> 100 | T69: =SUM(N69:O69) -> 3.125 | U69: =SUM(P69:R69) -> 96.875 | V69: =SUM(T69:U69) -> 100 | W69: =SUM(N69:O69) -> 3.125 | X69: =P69 -> 31.25 | Y69: =SUM(Q69:R69) -> 65.625 | Z69: =_xlfn.RANK.EQ(N69,$N69:$R69, 1) -> 1 | AA69: =_xlfn.RANK.EQ(O69,$N69:$R69, 1) -> 2 | AB69: =_xlfn.RANK.EQ(P69,$N69:$R69, 1) -> 4 | AC69: =_xlfn.RANK.EQ(Q69,$N69:$R69, 1) -> 5 | AD69: =_xlfn.RANK.EQ(R69,$N69:$R69, 1) -> 3
A70: ME344 - 18F Moon Sec 18215/20 | B70: 12 | C70: 0.15 | D70: 0 | E70: 0 | F70: 1 | G70: 0.35 | H70: 2 | I70: 0.5 | J70: 0 | K70: 0 | L70: 0 | M70: =sum(C70+E70+G70+I70+K70+L70) -> 1 | N70: 0 | O70: =100*1/(7+7+10+11+11+14+1) -> 1.6393443 | P70: =100*24/(7+7+10+11+11+14+1) -> 39.344262 | Q70: =100*18/(7+7+10+11+11+14+1) -> 29.508197 | R70: =100*18/(7+7+10+11+11+14+1) -> 29.508197 | S70: =SUM(N70:R70) -> 100 | T70: =SUM(N70:O70) -> 1.6393443 | U70: =SUM(P70:R70) -> 98.360656 | V70: =SUM(T70:U70) -> 100 | W70: =SUM(N70:O70) -> 1.6393443 | X70: =P70 -> 39.344262 | Y70: =SUM(Q70:R70) -> 59.016393 | Z70: =_xlfn.RANK.EQ(N70,$N70:$R70, 1) -> 1 | AA70: =_xlfn.RANK.EQ(O70,$N70:$R70, 1) -> 2 | AB70: =_xlfn.RANK.EQ(P70,$N70:$R70, 1) -> 5 | AC70: =_xlfn.RANK.EQ(Q70,$N70:$R70, 1) -> 3 | AD70: =_xlfn.RANK.EQ(R70,$N70:$R70, 1) -> 3
A71: ME344 - 18F Haberman 18225 | B71: 0 | C71: 0 | D71: 0 | E71: 0 | F71: 1 | G71: 0.3 | H71: 2 | I71: 0.5 | J71: 10 | K71: 0.1 | L71: 0.1 | M71: =sum(C71+E71+G71+I71+K71+L71) -> 1 | N71: 0 | O71: 0 | P71: =300/(54+54+3) -> 2.7027027 | Q71: =5400/(54+54+3) -> 48.648649 | R71: =5400/(54+54+3) -> 48.648649 | S71: =SUM(N71:R71) -> 100 | T71: =SUM(N71:O71) -> 0 | U71: =SUM(P71:R71) -> 100 | V71: =SUM(T71:U71) -> 100 | W71: =SUM(N71:O71) -> 0 | X71: =P71 -> 2.7027027 | Y71: =SUM(Q71:R71) -> 97.297297 | Z71: =_xlfn.RANK.EQ(N71,$N71:$R71, 1) -> 1 | AA71: =_xlfn.RANK.EQ(O71,$N71:$R71, 1) -> 1 | AB71: =_xlfn.RANK.EQ(P71,$N71:$R71, 1) -> 3 | AC71: =_xlfn.RANK.EQ(Q71,$N71:$R71, 1) -> 4 | AD71: =_xlfn.RANK.EQ(R71,$N71:$R71, 1) -> 4
A72: ME335 - 18F | B72: 12 | C72: 0.1 | D72: 3 | E72: 0.15 | F72: 1 | G72: 0.25 | H72: 2 | I72: 0.4 | J72: 12 | K72: 0.05 | L72: 0.05 | M72: =sum(C72+E72+G72+I72+K72+L72) -> 1 | N72: 0 | O72: 1.17 | P72: 28.24 | Q72: 2.35 | R72: 68.24 | S72: =SUM(N72:R72) -> 100 | T72: =SUM(N72:O72) -> 1.17 | U72: =SUM(P72:R72) -> 98.83 | V72: =SUM(T72:U72) -> 100 | W72: =SUM(N72:O72) -> 1.17 | X72: =P72 -> 28.24 | Y72: =SUM(Q72:R72) -> 70.59 | Z72: =_xlfn.RANK.EQ(N72,$N72:$R72, 1) -> 1 | AA72: =_xlfn.RANK.EQ(O72,$N72:$R72, 1) -> 2 | AB72: =_xlfn.RANK.EQ(P72,$N72:$R72, 1) -> 4 | AC72: =_xlfn.RANK.EQ(Q72,$N72:$R72, 1) -> 3 | AD72: =_xlfn.RANK.EQ(R72,$N72:$R72, 1) -> 5
A73: ME310T - 19S Matthews Sec 17420 | B73: 12 | C73: 0.2 | D73: 0 | E73: 0 | F73: 1 | G73: 0.35 | H73: 3 | I73: 0.45 | J73: 0 | K73: 0 | L73: 0 | M73: =sum(C73+E73+G73+I73+K73+L73) -> 1 | N73: =100/(113+20+9+1) -> 0.6993007 | O73: =100*0/(113+20+9+1) -> 0 | P73: =100*9/(113+20+9+1) -> 6.2937063 | Q73: =100*20/(113+20+9+1) -> 13.986014 | R73: =100*113/(113+20+9+1) -> 79.020979 | S73: =SUM(N73:R73) -> 100 | T73: =SUM(N73:O73) -> 0.6993007 | U73: =SUM(P73:R73) -> 99.300699 | V73: =SUM(T73:U73) -> 100 | W73: =SUM(N73:O73) -> 0.6993007 | X73: =P73 -> 6.2937063 | Y73: =SUM(Q73:R73) -> 93.006993 | Z73: =_xlfn.RANK.EQ(N73,$N73:$R73, 1) -> 2 | AA73: =_xlfn.RANK.EQ(O73,$N73:$R73, 1) -> 1 | AB73: =_xlfn.RANK.EQ(P73,$N73:$R73, 1) -> 3 | AC73: =_xlfn.RANK.EQ(Q73,$N73:$R73, 1) -> 4 | AD73: =_xlfn.RANK.EQ(R73,$N73:$R73, 1) -> 5
A74: ME314D - 19S Sagers Sec 17445/50/55 | B74: 0 | C74: 0 | D74: 0 | E74: 0 | F74: 1 | G74: 0.3 | H74: 2 | I74: 0.5 | J74: 12 | K74: 0.2 | L74: 0 | M74: =sum(C74+E74+G74+I74+K74+L74) -> 1 | N74: =100*1/(10+9+6+8+12+8+1+10+12+8+3) -> 1.1494253 | O74: =100*3/(10+9+6+8+12+8+1+10+12+8+3) -> 3.4482759 | P74: =100*(6+8+8)/(10+9+6+8+12+8+1+10+12+8+3) -> 25.287356 | Q74: =100*(9+12+12)/(10+9+6+8+12+8+1+10+12+8+3) -> 37.931034 | R74: =100*(10+8+10)/(10+9+6+8+12+8+1+10+12+8+3) -> 32.183908 | S74: =SUM(N74:R74) -> 100 | T74: =SUM(N74:O74) -> 4.5977011 | U74: =SUM(P74:R74) -> 95.402299 | V74: =SUM(T74:U74) -> 100 | W74: =SUM(N74:O74) -> 4.5977011 | X74: =P74 -> 25.287356 | Y74: =SUM(Q74:R74) -> 70.114943 | Z74: =_xlfn.RANK.EQ(N74,$N74:$R74, 1) -> 1 | AA74: =_xlfn.RANK.EQ(O74,$N74:$R74, 1) -> 2 | AB74: =_xlfn.RANK.EQ(P74,$N74:$R74, 1) -> 3 | AC74: =_xlfn.RANK.EQ(Q74,$N74:$R74, 1) -> 5 | AD74: =_xlfn.RANK.EQ(R74,$N74:$R74, 1) -> 4
A75: ME316T - 19S Hall Sec 17485/80/75/70 | B75: 11 | C75: 0.1 | D75: 0 | E75: 0 | F75: 1 | G75: 0.3 | H75: 3 | I75: 0.5 | J75: 9 | K75: 0.1 | L75: 0 | M75: =sum(C75+E75+G75+I75+K75+L75) -> 1 | N75: =100*4/(10+6+10+2+16+9+6+3+7+16+10+3+16+6+10) -> 3.0769231 | O75: =100*(8)/(10+6+10+2+16+9+6+3+7+16+10+3+16+6+10) -> 6.1538462 | P75: =100*(10+6+9+7)/(10+6+10+2+16+9+6+3+7+16+10+3+16+6+10) -> 24.615385 | Q75: =100*(6+9+16+6)/(10+6+10+2+16+9+6+3+7+16+10+3+16+6+10) -> 28.461538 | R75: =100*(26+7+16)/(10+6+10+2+16+9+6+3+7+16+10+3+16+6+10) -> 37.692308 | S75: =SUM(N75:R75) -> 100 | T75: =SUM(N75:O75) -> 9.2307692 | U75: =SUM(P75:R75) -> 90.769231 | V75: =SUM(T75:U75) -> 100 | W75: =SUM(N75:O75) -> 9.2307692 | X75: =P75 -> 24.615385 | Y75: =SUM(Q75:R75) -> 66.153846 | Z75: =_xlfn.RANK.EQ(N75,$N75:$R75, 1) -> 1 | AA75: =_xlfn.RANK.EQ(O75,$N75:$R75, 1) -> 2 | AB75: =_xlfn.RANK.EQ(P75,$N75:$R75, 1) -> 3 | AC75: =_xlfn.RANK.EQ(Q75,$N75:$R75, 1) -> 4 | AD75: =_xlfn.RANK.EQ(R75,$N75:$R75, 1) -> 5
A76: ME318M - 19S Bryant Sec 17490/500/10/15/20/25 | B76: 21 | C76: 0.4 | D76: 0 | E76: 0 | F76: 0 | G76: 0 | H76: 3 | I76: 0.55 | J76: 0 | K76: 0 | L76: 0.05 | M76: =sum(C76+E76+G76+I76+K76+L76) -> 1 | N76: =100/(15+1+6+20+3+19+2+13+9+2+1+16+5+1+16+3) -> 0.75757576 | O76: =100*0/(15+1+6+20+3+19+2+13+9+2+1+16+5+1+16+3) -> 0 | P76: =100*17/(15+1+6+20+3+19+2+13+9+2+1+16+5+1+16+3) -> 12.878788 | Q76: =100*(1+7+8+9+5+4)/(15+1+6+20+3+19+2+13+9+2+1+16+5+1+16+3) -> 25.757576 | R76: =100*(28+24+28)/(15+1+6+20+3+19+2+13+9+2+1+16+5+1+16+3) -> 60.606061 | S76: =SUM(N76:R76) -> 100 | T76: =SUM(N76:O76) -> 0.75757576 | U76: =SUM(P76:R76) -> 99.242424 | V76: =SUM(T76:U76) -> 100 | W76: =SUM(N76:O76) -> 0.75757576 | X76: =P76 -> 12.878788 | Y76: =SUM(Q76:R76) -> 86.363636 | Z76: =_xlfn.RANK.EQ(N76,$N76:$R76, 1) -> 2 | AA76: =_xlfn.RANK.EQ(O76,$N76:$R76, 1) -> 1 | AB76: =_xlfn.RANK.EQ(P76,$N76:$R76, 1) -> 3 | AC76: =_xlfn.RANK.EQ(Q76,$N76:$R76, 1) -> 4 | AD76: =_xlfn.RANK.EQ(R76,$N76:$R76, 1) -> 5
A77: ME330 - 19S Bahadur Sec 17575 | B77: 9 | C77: 0.1 | D77: 0 | E77: 0 | F77: 1 | G77: 0.4 | H77: 2 | I77: 0.45 | J77: 0 | K77: 0 | L77: 0.05 | M77: =sum(C77+E77+G77+I77+K77+L77) -> 1 | N77: =100*2/(23+14+6+1+2) -> 4.3478261 | O77: =100*1/(23+14+6+1+2) -> 2.173913 | P77: =100*6/(23+14+6+1+2) -> 13.043478 | Q77: =100*14/(23+14+6+1+2) -> 30.434783 | R77: =100*23/(23+14+6+1+2) -> 50 | S77: =SUM(N77:R77) -> 100 | T77: =SUM(N77:O77) -> 6.5217391 | U77: =SUM(P77:R77) -> 93.478261 | V77: =SUM(T77:U77) -> 100 | W77: =SUM(N77:O77) -> 6.5217391 | X77: =P77 -> 13.043478 | Y77: =SUM(Q77:R77) -> 80.434783 | Z77: =_xlfn.RANK.EQ(N77,$N77:$R77, 1) -> 2 | AA77: =_xlfn.RANK.EQ(O77,$N77:$R77, 1) -> 1 | AB77: =_xlfn.RANK.EQ(P77,$N77:$R77, 1) -> 3 | AC77: =_xlfn.RANK.EQ(Q77,$N77:$R77, 1) -> 4 | AD77: =_xlfn.RANK.EQ(R77,$N77:$R77, 1) -> 5
A78: ME335 - 19S Bickel Sec 17795/90/85/80/75/70 | B78: 12 | C78: 0.1 | D78: 3 | E78: 0.15 | F78: 1 | G78: 0.25 | H78: 2 | I78: 0.4 | J78: 12 | K78: 0.05 | L78: 0.05 | M78: =sum(C78+E78+G78+I78+K78+L78) -> 1 | N78: =100*(1)/(9+12+4+7+14+4+21+4+13+12+19+7+24) -> 0.66666667 | O78: =100*(4)/(9+12+4+7+14+4+21+4+13+12+19+7+24) -> 2.6666667 | P78: =100*(21)/(9+12+4+7+14+4+21+4+13+12+19+7+24) -> 14 | Q78: =100*(12+14+19+12+11)/(9+12+4+7+14+4+21+4+13+12+19+7+24) -> 45.333333 | R78: =100*(9+7+11+13+7+9)/(9+12+4+7+14+4+21+4+13+12+19+7+24) -> 37.333333 | S78: =SUM(N78:R78) -> 100 | T78: =SUM(N78:O78) -> 3.3333333 | U78: =SUM(P78:R78) -> 96.666667 | V78: =SUM(T78:U78) -> 100 | W78: =SUM(N78:O78) -> 3.3333333 | X78: =P78 -> 14 | Y78: =SUM(Q78:R78) -> 82.666667 | Z78: =_xlfn.RANK.EQ(N78,$N78:$R78, 1) -> 1 | AA78: =_xlfn.RANK.EQ(O78,$N78:$R78, 1) -> 2 | AB78: =_xlfn.RANK.EQ(P78,$N78:$R78, 1) -> 3 | AC78: =_xlfn.RANK.EQ(Q78,$N78:$R78, 1) -> 5 | AD78: =_xlfn.RANK.EQ(R78,$N78:$R78, 1) -> 4
A79: ME318M - 19S Langsfeld Sec 17590/85/80/75 | B79: 21 | C79: 0.4 | D79: 0 | E79: 0 | F79: 0 | G79: 0 | H79: 3 | I79: 0.55 | J79: 0 | K79: 0 | L79: 0.05 | M79: =sum(C79+E79+G79+I79+K79+L79) -> 1 | N79: =100*1/(14+4+1+22+19+18) -> 1.2820513 | O79: =100*0/(14+4+1+22+19+18) -> 0 | P79: =100*1/(14+4+1+22+19+18) -> 1.2820513 | Q79: =100*7/(14+4+1+22+19+18) -> 8.974359 | R79: =100*(14+21+17+17)/(14+4+1+22+19+18) -> 88.461538 | S79: =SUM(N79:R79) -> 100 | T79: =SUM(N79:O79) -> 1.2820513 | U79: =SUM(P79:R79) -> 98.717949 | V79: =SUM(T79:U79) -> 100 | W79: =SUM(N79:O79) -> 1.2820513 | X79: =P79 -> 1.2820513 | Y79: =SUM(Q79:R79) -> 97.435897 | Z79: =_xlfn.RANK.EQ(N79,$N79:$R79, 1) -> 2 | AA79: =_xlfn.RANK.EQ(O79,$N79:$R79, 1) -> 1 | AB79: =_xlfn.RANK.EQ(P79,$N79:$R79, 1) -> 2 | AC79: =_xlfn.RANK.EQ(Q79,$N79:$R79, 1) -> 4 | AD79: =_xlfn.RANK.EQ(R79,$N79:$R79, 1) -> 5
A80: ME310T - 20S | B80: 12 | C80: 0.15 | D80: 0 | E80: 0 | F80: 1 | G80: 0.35 | H80: 3 | I80: 0.45 | J80: 0 | K80: 0 | L80: 0.05 | M80: =sum(C80+E80+G80+I80+K80+L80) -> 1 | N80: 0 | O80: 0 | P80: 5.05 | Q80: 36.36 | R80: 58.59 | S80: =SUM(N80:R80) -> 100 | T80: =SUM(N80:O80) -> 0 | U80: =SUM(P80:R80) -> 100 | V80: =SUM(T80:U80) -> 100 | W80: =SUM(N80:O80) -> 0 | X80: =P80 -> 5.05 | Y80: =SUM(Q80:R80) -> 94.95 | Z80: =_xlfn.RANK.EQ(N80,$N80:$R80, 1) -> 1 | AA80: =_xlfn.RANK.EQ(O80,$N80:$R80, 1) -> 1 | AB80: =_xlfn.RANK.EQ(P80,$N80:$R80, 1) -> 3 | AC80: =_xlfn.RANK.EQ(Q80,$N80:$R80, 1) -> 4 | AD80: =_xlfn.RANK.EQ(R80,$N80:$R80, 1) -> 5
A81: ME340 - 22F - ALAMBEIGI | B81: 10 | C81: 0.15 | D81: 0 | E81: 0 | F81: 1 | G81: 0.3 | H81: 2 | I81: 0.4 | J81: 3 | K81: 0.15 | L81: 0 | M81: =sum(C81+E81+G81+I81+K81+L81) -> 1 | N81: 0 | O81: 0 | P81: 2.53 | Q81: 16.46 | R81: 81.01 | S81: =SUM(N81:R81) -> 100 | T81: =SUM(N81:O81) -> 0 | U81: =SUM(P81:R81) -> 100 | V81: =SUM(T81:U81) -> 100 | W81: =SUM(N81:O81) -> 0 | X81: =P81 -> 2.53 | Y81: =SUM(Q81:R81) -> 97.47 | Z81: =_xlfn.RANK.EQ(N81,$N81:$R81, 1) -> 1 | AA81: =_xlfn.RANK.EQ(O81,$N81:$R81, 1) -> 1 | AB81: =_xlfn.RANK.EQ(P81,$N81:$R81, 1) -> 3 | AC81: =_xlfn.RANK.EQ(Q81,$N81:$R81, 1) -> 4 | AD81: =_xlfn.RANK.EQ(R81,$N81:$R81, 1) -> 5
A82: ME240 - 22F - W. LI | B82: 10 | C82: 0.1 | D82: 0 | E82: 0 | F82: 1 | G82: 0.35 | H82: 2 | I82: 0.4 | J82: 4 | K82: 0.1 | L82: 0.05 | M82: =sum(C82+E82+G82+I82+K82+L82) -> 1 | N82: 0 | O82: 0 | P82: 2.38 | Q82: 57.14 | R82: 40.48 | S82: =SUM(N82:R82) -> 100 | T82: =SUM(N82:O82) -> 0 | U82: =SUM(P82:R82) -> 100 | V82: =SUM(T82:U82) -> 100 | W82: =SUM(N82:O82) -> 0 | X82: =P82 -> 2.38 | Y82: =SUM(Q82:R82) -> 97.62 | Z82: =_xlfn.RANK.EQ(N82,$N82:$R82, 1) -> 1 | AA82: =_xlfn.RANK.EQ(O82,$N82:$R82, 1) -> 1 | AB82: =_xlfn.RANK.EQ(P82,$N82:$R82, 1) -> 3 | AC82: =_xlfn.RANK.EQ(Q82,$N82:$R82, 1) -> 5 | AD82: =_xlfn.RANK.EQ(R82,$N82:$R82, 1) -> 4
A83: ME333T - 22F | B83: 38 | C83: 0.49 | D83: 2 | E83: 0.51 | F83: 0 | G83: 0 | H83: 0 | I83: 0 | J83: 0 | K83: 0 | L83: 0 | M83: =sum(C83+E83+G83+I83+K83+L83) -> 1 | N83: 2.27 | O83: 2.27 | P83: 9.09 | Q83: 15.92 | R83: 70.45 | S83: =SUM(N83:R83) -> 100 | T83: =SUM(N83:O83) -> 4.54 | U83: =SUM(P83:R83) -> 95.46 | V83: =SUM(T83:U83) -> 100 | W83: =SUM(N83:O83) -> 4.54 | X83: =P83 -> 9.09 | Y83: =SUM(Q83:R83) -> 86.37 | Z83: =_xlfn.RANK.EQ(N83,$N83:$R83, 1) -> 1 | AA83: =_xlfn.RANK.EQ(O83,$N83:$R83, 1) -> 1 | AB83: =_xlfn.RANK.EQ(P83,$N83:$R83, 1) -> 3 | AC83: =_xlfn.RANK.EQ(Q83,$N83:$R83, 1) -> 4 | AD83: =_xlfn.RANK.EQ(R83,$N83:$R83, 1) -> 5
A84: ME338 - 22F | B84: 6 | C84: 0.15 | D84: 2 | E84: 0.25 | F84: 0 | G84: 0 | H84: 3 | I84: 0.6 | J84: 0 | K84: 0 | L84: 0 | M84: =sum(C84+E84+G84+I84+K84+L84) -> 1 | N84: 0.78 | O84: 0 | P84: 14.06 | Q84: 40.63 | R84: 44.53 | S84: =SUM(N84:R84) -> 100 | T84: =SUM(N84:O84) -> 0.78 | U84: =SUM(P84:R84) -> 99.22 | V84: =SUM(T84:U84) -> 100 | W84: =SUM(N84:O84) -> 0.78 | X84: =P84 -> 14.06 | Y84: =SUM(Q84:R84) -> 85.16 | Z84: =_xlfn.RANK.EQ(N84,$N84:$R84, 1) -> 2 | AA84: =_xlfn.RANK.EQ(O84,$N84:$R84, 1) -> 1 | AB84: =_xlfn.RANK.EQ(P84,$N84:$R84, 1) -> 3 | AC84: =_xlfn.RANK.EQ(Q84,$N84:$R84, 1) -> 4 | AD84: =_xlfn.RANK.EQ(R84,$N84:$R84, 1) -> 5
A85: ME369P - 22F | B85: 5 | C85: 0.3 | D85: 4 | E85: 0.45 | F85: 0 | G85: 0 | H85: 0 | I85: 0 | J85: 4 | K85: 0.15 | L85: 0.1 | M85: =sum(C85+E85+G85+I85+K85+L85) -> 1 | N85: 0 | O85: 0 | P85: 4.55 | Q85: 36.36 | R85: 59.09 | S85: =SUM(N85:R85) -> 100 | T85: =SUM(N85:O85) -> 0 | U85: =SUM(P85:R85) -> 100 | V85: =SUM(T85:U85) -> 100 | W85: =SUM(N85:O85) -> 0 | X85: =P85 -> 4.55 | Y85: =SUM(Q85:R85) -> 95.45 | Z85: =_xlfn.RANK.EQ(N85,$N85:$R85, 1) -> 1 | AA85: =_xlfn.RANK.EQ(O85,$N85:$R85, 1) -> 1 | AB85: =_xlfn.RANK.EQ(P85,$N85:$R85, 1) -> 3 | AC85: =_xlfn.RANK.EQ(Q85,$N85:$R85, 1) -> 4 | AD85: =_xlfn.RANK.EQ(R85,$N85:$R85, 1) -> 5
A86: ME359 - 22F | B86: 0 | C86: 0 | D86: 3 | E86: 1 | F86: 0 | G86: 0 | H86: 0 | I86: 0 | J86: 0 | K86: 0 | L86: 0 | M86: =sum(C86+E86+G86+I86+K86+L86) -> 1 | N86: 0 | O86: 7.69 | P86: 23.08 | Q86: 38.46 | R86: 30.77 | S86: =SUM(N86:R86) -> 100 | T86: =SUM(N86:O86) -> 7.69 | U86: =SUM(P86:R86) -> 92.31 | V86: =SUM(T86:U86) -> 100 | W86: =SUM(N86:O86) -> 7.69 | X86: =P86 -> 23.08 | Y86: =SUM(Q86:R86) -> 69.23 | Z86: =_xlfn.RANK.EQ(N86,$N86:$R86, 1) -> 1 | AA86: =_xlfn.RANK.EQ(O86,$N86:$R86, 1) -> 2 | AB86: =_xlfn.RANK.EQ(P86,$N86:$R86, 1) -> 3 | AC86: =_xlfn.RANK.EQ(Q86,$N86:$R86, 1) -> 5 | AD86: =_xlfn.RANK.EQ(R86,$N86:$R86, 1) -> 4
A87: ME379M - 22F - IYOOB | B87: 12 | C87: 0.2 | D87: 1 | E87: 0.35 | F87: 0 | G87: 0 | H87: 0 | I87: 0 | J87: 2 | K87: 0.4 | L87: 0.05 | M87: =sum(C87+E87+G87+I87+K87+L87) -> 1 | N87: 0 | O87: 0 | P87: 0 | Q87: 26.47 | R87: 73.53 | S87: =SUM(N87:R87) -> 100 | T87: =SUM(N87:O87) -> 0 | U87: =SUM(P87:R87) -> 100 | V87: =SUM(T87:U87) -> 100 | W87: =SUM(N87:O87) -> 0 | X87: =P87 -> 0 | Y87: =SUM(Q87:R87) -> 100 | Z87: =_xlfn.RANK.EQ(N87,$N87:$R87, 1) -> 1 | AA87: =_xlfn.RANK.EQ(O87,$N87:$R87, 1) -> 1 | AB87: =_xlfn.RANK.EQ(P87,$N87:$R87, 1) -> 1 | AC87: =_xlfn.RANK.EQ(Q87,$N87:$R87, 1) -> 4 | AD87: =_xlfn.RANK.EQ(R87,$N87:$R87, 1) -> 5
A88: ME379M - 22F | B88: 4 | C88: 0.4 | D88: 1 | E88: 0.2 | F88: 0 | G88: 0 | H88: 2 | I88: 0.4 | J88: 0 | K88: 0 | L88: 0 | M88: =sum(C88+E88+G88+I88+K88+L88) -> 1 | N88: 0 | O88: 0 | P88: 0 | Q88: 14.29 | R88: 85.71 | S88: =SUM(N88:R88) -> 100 | T88: =SUM(N88:O88) -> 0 | U88: =SUM(P88:R88) -> 100 | V88: =SUM(T88:U88) -> 100 | W88: =SUM(N88:O88) -> 0 | X88: =P88 -> 0 | Y88: =SUM(Q88:R88) -> 100 | Z88: =_xlfn.RANK.EQ(N88,$N88:$R88, 1) -> 1 | AA88: =_xlfn.RANK.EQ(O88,$N88:$R88, 1) -> 1 | AB88: =_xlfn.RANK.EQ(P88,$N88:$R88, 1) -> 1 | AC88: =_xlfn.RANK.EQ(Q88,$N88:$R88, 1) -> 4 | AD88: =_xlfn.RANK.EQ(R88,$N88:$R88, 1) -> 5
A89: ME367S - 22S | B89: 12 | C89: 0.2 | D89: 1 | E89: 0.3 | F89: 0 | G89: 0 | H89: 2 | I89: 0.5 | J89: 0 | K89: 0 | L89: 0 | M89: =sum(C89+E89+G89+I89+K89+L89) -> 1 | N89: 0 | O89: 0 | P89: 6.67 | Q89: 33.33 | R89: 60 | S89: =SUM(N89:R89) -> 100 | T89: =SUM(N89:O89) -> 0 | U89: =SUM(P89:R89) -> 100 | V89: =SUM(T89:U89) -> 100 | W89: =SUM(N89:O89) -> 0 | X89: =P89 -> 6.67 | Y89: =SUM(Q89:R89) -> 93.33 | Z89: =_xlfn.RANK.EQ(N89,$N89:$R89, 1) -> 1 | AA89: =_xlfn.RANK.EQ(O89,$N89:$R89, 1) -> 1 | AB89: =_xlfn.RANK.EQ(P89,$N89:$R89, 1) -> 3 | AC89: =_xlfn.RANK.EQ(Q89,$N89:$R89, 1) -> 4 | AD89: =_xlfn.RANK.EQ(R89,$N89:$R89, 1) -> 5
A90: ME334 - 23 Summer | B90: 12 | C90: 0.15 | D90: 0 | E90: 0 | F90: 1 | G90: 0.2 | H90: 3 | I90: 0.6 | J90: 21 | K90: 0.05 | L90: 0 | M90: =sum(C90+E90+G90+I90+K90+L90) -> 1 | N90: 0 | O90: 0 | P90: 7.14 | Q90: 42.86 | R90: 50 | S90: =SUM(N90:R90) -> 100 | T90: =SUM(N90:O90) -> 0 | U90: =SUM(P90:R90) -> 100 | V90: =SUM(T90:U90) -> 100 | W90: =SUM(N90:O90) -> 0 | X90: =P90 -> 7.14 | Y90: =SUM(Q90:R90) -> 92.86 | Z90: =_xlfn.RANK.EQ(N90,$N90:$R90, 1) -> 1 | AA90: =_xlfn.RANK.EQ(O90,$N90:$R90, 1) -> 1 | AB90: =_xlfn.RANK.EQ(P90,$N90:$R90, 1) -> 3 | AC90: =_xlfn.RANK.EQ(Q90,$N90:$R90, 1) -> 4 | AD90: =_xlfn.RANK.EQ(R90,$N90:$R90, 1) -> 5
A91: ME353 - 23F | B91: 14 | C91: 0.2 | D91: 1 | E91: 0.1 | F91: 1 | G91: 0.3 | H91: 2 | I91: 0.35 | J91: 0 | K91: 0 | L91: 0.05 | M91: =sum(C91+E91+G91+I91+K91+L91) -> 1 | N91: 0 | O91: 0.6 | P91: 7.78 | Q91: 46.11 | R91: 45.51 | S91: =SUM(N91:R91) -> 100 | T91: =SUM(N91:O91) -> 0.6 | U91: =SUM(P91:R91) -> 99.4 | V91: =SUM(T91:U91) -> 100 | W91: =SUM(N91:O91) -> 0.6 | X91: =P91 -> 7.78 | Y91: =SUM(Q91:R91) -> 91.62 | Z91: =_xlfn.RANK.EQ(N91,$N91:$R91, 1) -> 1 | AA91: =_xlfn.RANK.EQ(O91,$N91:$R91, 1) -> 2 | AB91: =_xlfn.RANK.EQ(P91,$N91:$R91, 1) -> 3 | AC91: =_xlfn.RANK.EQ(Q91,$N91:$R91, 1) -> 5 | AD91: =_xlfn.RANK.EQ(R91,$N91:$R91, 1) -> 4
... A107: ME 361 - F17 Thermodynamics - 003 | B107: 9 | C107: 0.3 | D107: 1 | E107: 0.15 | F107: 1 | G107: 0.2 | H107: 2 | I107: 0.35 | J107: 0 | K107: 0 | L107: 0 | M107: =sum(C107+E107+G107+I107+K107+L107) -> 1 | N107: 0.02 | O107: 6.92 | P107: 13.82 | Q107: 37.92 | R107: 41.32 | S107: =SUM(N107:R107) -> 100 | T107: =SUM(N107:O107) -> 6.94 | U107: =SUM(P107:R107) -> 93.06 | V107: =SUM(T107:U107) -> 100 | W107: =SUM(N107:O107) -> 6.94 | X107: =P107 -> 13.82 | Y107: =SUM(Q107:R107) -> 79.24 | Z107: =_xlfn.RANK.EQ(N107,$N107:$R107, 1) -> 1 | AA107: =_xlfn.RANK.EQ(O107,$N107:$R107, 1) -> 2 | AB107: =_xlfn.RANK.EQ(P107,$N107:$R107, 1) -> 3 | AC107: =_xlfn.RANK.EQ(Q107,$N107:$R107, 1) -> 4 | AD107: =_xlfn.RANK.EQ(R107,$N107:$R107, 1) -> 5
A108: END | B108: END | C108: END | D108: END | E108: END | F108: END | G108: END | H108: END | I108: END | J108: END | K108: END | L108: END | M108: END | N108: END | O108: END | P108: END | Q108: END | R108: END | S108: END | T108: END | U108: END | V108: END | W108: END | X108: =P108 -> END | Y108: END | Z108: =R108 -> END | AA108: =S108 -> END | AB108: =T108 -> END | AC108: =U108 -> END | AD108: =V108 -> END
A109: UWM & UT LINKS:
A110: https://registrar.wisc.edu/grade-reports/?utm_source=chatgpt.com
A111: https://reports.utexas.edu/spotlight-data/ut-course-grade-distributions
A113: SYLLABUS FINDER FOR UTEXAS
A114: https://utdirect.utexas.edu/apps/student/coursedocs/nlogon/?year=2016&semester=2&department=M+E&course_number=&course_title=Dynamics&unique=&instructor_first=&instructor_last=&course_type=In+Residence&search=Search

Sheet COULD NOT FIND
B1: REASON
A2: Course Code | B2: # HWs | C2: HW Weight
A3: M E-302 | D3: BLUE - UD | E3: ORANGE - UT | F3: RED - UWM
A4: ME353 - Found, but grading scheme very weird
A5: ME354 - could use this one, but it is a lab and has labs (could count them as HWs)
A6: ME386P - 19S Mangolini Sec 18345
A7: some ME330 - did not have number of hw/quiz
A13: ECE/ME 739 -S15- Intro to robotics | B13: 5 | C13: 0.75
A25: UWM & UT LINKS:
A26: https://registrar.wisc.edu/grade-reports/?utm_source=chatgpt.com
A27: https://reports.utexas.edu/spotlight-data/ut-course-grade-distributions

Sheet XDataImport
A1: ='FOUND DATA'!B4 -> # HWs | B1: ='FOUND DATA'!C4 -> HW Weight | C1: ='FOUND DATA'!D4 -> # Project Assignments | D1: ='FOUND DATA'!E4 -> Project Weight | E1: ='FOUND DATA'!F4 -> # Final exam | F1: ='FOUND DATA'!G4 -> Final Weight | G1: ='FOUND DATA'!H4 -> # Other Exams | H1: ='FOUND DATA'!I4 -> Exam Weight | ... K1: ='FOUND DATA'!L4 -> Attend/Misc Weight
A2: ='FOUND DATA'!B5 -> 5 | B2: ='FOUND DATA'!C5 -> 0.2 | C2: ='FOUND DATA'!D5 -> 10 | D2: ='FOUND DATA'!E5 -> 0.6 | E2: ='FOUND DATA'!F5 -> 0 | F2: ='FOUND DATA'!G5 -> 0 | G2: ='FOUND DATA'!H5 -> 0 | H2: ='FOUND DATA'!I5 -> 0 | ... K2: ='FOUND DATA'!L5 -> 0
A3: ='FOUND DATA'!B6 -> 8 | B3: ='FOUND DATA'!C6 -> 0.32 | C3: ='FOUND DATA'!D6 -> 4 | D3: ='FOUND DATA'!E6 -> 0.16 | E3: ='FOUND DATA'!F6 -> 1 | F3: ='FOUND DATA'!G6 -> 0.2 | G3: ='FOUND DATA'!H6 -> 0 | H3: ='FOUND DATA'!I6 -> 0 | ... K3: ='FOUND DATA'!L6 -> 0
A4: ='FOUND DATA'!B7 -> 8 | B4: ='FOUND DATA'!C7 -> 0.32 | C4: ='FOUND DATA'!D7 -> 4 | D4: ='FOUND DATA'!E7 -> 0.16 | E4: ='FOUND DATA'!F7 -> 1 | F4: ='FOUND DATA'!G7 -> 0.2 | G4: ='FOUND DATA'!H7 -> 0 | H4: ='FOUND DATA'!I7 -> 0 | ... K4: ='FOUND DATA'!L7 -> 0
A5: ='FOUND DATA'!B8 -> 8 | B5: ='FOUND DATA'!C8 -> 0.3 | C5: ='FOUND DATA'!D8 -> 6 | D5: ='FOUND DATA'!E8 -> 0.2 | E5: ='FOUND DATA'!F8 -> 0 | F5: ='FOUND DATA'!G8 -> 0 | G5: ='FOUND DATA'!H8 -> 3 | H5: ='FOUND DATA'!I8 -> 0.45 | ... K5: ='FOUND DATA'!L8 -> 0.05
A6: ='FOUND DATA'!B9 -> 16 | B6: ='FOUND DATA'!C9 -> 0.5 | C6: ='FOUND DATA'!D9 -> 6 | D6: ='FOUND DATA'!E9 -> 0.2 | E6: ='FOUND DATA'!F9 -> 0 | F6: ='FOUND DATA'!G9 -> 0 | G6: ='FOUND DATA'!H9 -> 3 | H6: ='FOUND DATA'!I9 -> 0.3 | ... K6: ='FOUND DATA'!L9 -> 0
A7: ='FOUND DATA'!B10 -> 9 | B7: ='FOUND DATA'!C10 -> 0.36 | C7: ='FOUND DATA'!D10 -> 0 | D7: ='FOUND DATA'!E10 -> 0 | E7: ='FOUND DATA'!F10 -> 0 | F7: ='FOUND DATA'!G10 -> 0 | G7: ='FOUND DATA'!H10 -> 4 | H7: ='FOUND DATA'!I10 -> 0.48 | ... K7: ='FOUND DATA'!L10 -> 0
A8: ='FOUND DATA'!B11 -> 11 | B8: ='FOUND DATA'!C11 -> 0.25 | C8: ='FOUND DATA'!D11 -> 5 | D8: ='FOUND DATA'!E11 -> 0.15 | E8: ='FOUND DATA'!F11 -> 1 | F8: ='FOUND DATA'!G11 -> 0.2 | G8: ='FOUND DATA'!H11 -> 3 | H8: ='FOUND DATA'!I11 -> 0.3 | ... K8: ='FOUND DATA'!L11 -> 0.1
A9: ='FOUND DATA'!B12 -> 11 | B9: ='FOUND DATA'!C12 -> 0.25 | C9: ='FOUND DATA'!D12 -> 4 | D9: ='FOUND DATA'!E12 -> 0.15 | E9: ='FOUND DATA'!F12 -> 1 | F9: ='FOUND DATA'!G12 -> 0.2 | G9: ='FOUND DATA'!H12 -> 3 | H9: ='FOUND DATA'!I12 -> 0.3 | ... K9: ='FOUND DATA'!L12 -> 0
A10: ='FOUND DATA'!B13 -> 10 | B10: ='FOUND DATA'!C13 -> 0.25 | C10: ='FOUND DATA'!D13 -> 9 | D10: ='FOUND DATA'!E13 -> 0.15 | E10: ='FOUND DATA'!F13 -> 1 | F10: ='FOUND DATA'!G13 -> 0.2 | G10: ='FOUND DATA'!H13 -> 3 | H10: ='FOUND DATA'!I13 -> 0.3 | ... K10: ='FOUND DATA'!L13 -> 0
A11: ='FOUND DATA'!B14 -> 10 | B11: ='FOUND DATA'!C14 -> 0.25 | C11: ='FOUND DATA'!D14 -> 6 | D11: ='FOUND DATA'!E14 -> 0.15 | E11: ='FOUND DATA'!F14 -> 1 | F11: ='FOUND DATA'!G14 -> 0.2 | G11: ='FOUND DATA'!H14 -> 3 | H11: ='FOUND DATA'!I14 -> 0.3 | ... K11: ='FOUND DATA'!L14 -> 0
A12: ='FOUND DATA'!B15 -> 10 | B12: ='FOUND DATA'!C15 -> 0.25 | C12: ='FOUND DATA'!D15 -> 1 | D12: ='FOUND DATA'!E15 -> 0.1 | E12: ='FOUND DATA'!F15 -> 1 | F12: ='FOUND DATA'!G15 -> 0.2 | G12: ='FOUND DATA'!H15 -> 3 | H12: ='FOUND DATA'!I15 -> 0.3 | ... K12: ='FOUND DATA'!L15 -> 0
... A105: ='FOUND DATA'!B108 -> END | B105: ='FOUND DATA'!C108 -> END | C105: ='FOUND DATA'!D108 -> END | D105: ='FOUND DATA'!E108 -> END | E105: ='FOUND DATA'!F108 -> END | F105: ='FOUND DATA'!G108 -> END | G105: ='FOUND DATA'!H108 -> END | H105: ='FOUND DATA'!I108 -> END | ... K105: ='FOUND DATA'!L108 -> END
A124: ='FOUND DATA'!B126 | B124: ='FOUND DATA'!C126 | C124: ='FOUND DATA'!D126 | D124: ='FOUND DATA'!E126 | E124: ='FOUND DATA'!F126 | F124: ='FOUND DATA'!G126 | G124: ='FOUND DATA'!H126 | H124: ='FOUND DATA'!I126 | ... K124: ='FOUND DATA'!L126
A125: ='FOUND DATA'!B127 | B125: ='FOUND DATA'!C127 | C125: ='FOUND DATA'!D127 | D125: ='FOUND DATA'!E127 | E125: ='FOUND DATA'!F127 | F125: ='FOUND DATA'!G127 | G125: ='FOUND DATA'!H127 | H125: ='FOUND DATA'!I127 | ... K125: ='FOUND DATA'!L127
A126: ='FOUND DATA'!B128 | B126: ='FOUND DATA'!C128 | C126: ='FOUND DATA'!D128 | D126: ='FOUND DATA'!E128 | E126: ='FOUND DATA'!F128 | F126: ='FOUND DATA'!G128 | G126: ='FOUND DATA'!H128 | H126: ='FOUND DATA'!I128 | ... K126: ='FOUND DATA'!L128
A127: ='FOUND DATA'!B129 | B127: ='FOUND DATA'!C129 | C127: ='FOUND DATA'!D129 | D127: ='FOUND DATA'!E129 | E127: ='FOUND DATA'!F129 | F127: ='FOUND DATA'!G129 | G127: ='FOUND DATA'!H129 | H127: ='FOUND DATA'!I129 | ... K127: ='FOUND DATA'!L129
A128: ='FOUND DATA'!B130 | B128: ='FOUND DATA'!C130 | C128: ='FOUND DATA'!D130 | D128: ='FOUND DATA'!E130 | E128: ='FOUND DATA'!F130 | F128: ='FOUND DATA'!G130 | G128: ='FOUND DATA'!H130 | H128: ='FOUND DATA'!I130 | ... K128: ='FOUND DATA'!L130
A129: ='FOUND DATA'!B111 | B129: ='FOUND DATA'!C111 | C129: ='FOUND DATA'!D111 | D129: ='FOUND DATA'!E111 | E129: ='FOUND DATA'!F111 | F129: ='FOUND DATA'!G111 | G129: ='FOUND DATA'!H111 | H129: ='FOUND DATA'!I111 | ... K129: ='FOUND DATA'!L111
A130: ='FOUND DATA'!B112 | B130: ='FOUND DATA'!C112 | C130: ='FOUND DATA'!D112 | D130: ='FOUND DATA'!E112 | E130: ='FOUND DATA'!F112 | F130: ='FOUND DATA'!G112 | G130: ='FOUND DATA'!H112 | H130: ='FOUND DATA'!I112 | ... K130: ='FOUND DATA'!L112
A131: ='FOUND DATA'!B113 | B131: ='FOUND DATA'!C113 | C131: ='FOUND DATA'!D113 | D131: ='FOUND DATA'!E113 | E131: ='FOUND DATA'!F113 | F131: ='FOUND DATA'!G113 | G131: ='FOUND DATA'!H113 | H131: ='FOUND DATA'!I113 | ... K131: ='FOUND DATA'!L113
A132: ='FOUND DATA'!B114 | B132: ='FOUND DATA'!C114 | C132: ='FOUND DATA'!D114 | D132: ='FOUND DATA'!E114 | E132: ='FOUND DATA'!F114 | F132: ='FOUND DATA'!G114 | G132: ='FOUND DATA'!H114 | H132: ='FOUND DATA'!I114 | ... K132: ='FOUND DATA'!L114
A146: ='FOUND DATA'!B124 | B146: ='FOUND DATA'!C124 | C146: ='FOUND DATA'!D124 | D146: ='FOUND DATA'!E124 | E146: ='FOUND DATA'!F124 | F146: ='FOUND DATA'!G124 | G146: ='FOUND DATA'!H124 | H146: ='FOUND DATA'!I124 | ... K146: ='FOUND DATA'!L124
A147: ='FOUND DATA'!B125 | B147: ='FOUND DATA'!C125 | C147: ='FOUND DATA'!D125 | D147: ='FOUND DATA'!E125 | E147: ='FOUND DATA'!F125 | F147: ='FOUND DATA'!G125 | G147: ='FOUND DATA'!H125 | H147: ='FOUND DATA'!I125 | ... K147: ='FOUND DATA'!L125
A148: ='FOUND DATA'!B126 | B148: ='FOUND DATA'!C126 | C148: ='FOUND DATA'!D126 | D148: ='FOUND DATA'!E126 | E148: ='FOUND DATA'!F126 | F148: ='FOUND DATA'!G126 | G148: ='FOUND DATA'!H126 | H148: ='FOUND DATA'!I126 | ... K148: ='FOUND DATA'!L126
A149: ='FOUND DATA'!B127 | B149: ='FOUND DATA'!C127 | C149: ='FOUND DATA'!D127 | D149: ='FOUND DATA'!E127 | E149: ='FOUND DATA'!F127 | F149: ='FOUND DATA'!G127 | G149: ='FOUND DATA'!H127 | H149: ='FOUND DATA'!I127 | ... K149: ='FOUND DATA'!L127
A150: ='FOUND DATA'!B128 | B150: ='FOUND DATA'!C128 | C150: ='FOUND DATA'!D128 | D150: ='FOUND DATA'!E128 | E150: ='FOUND DATA'!F128 | F150: ='FOUND DATA'!G128 | G150: ='FOUND DATA'!H128 | H150: ='FOUND DATA'!I128 | ... K150: ='FOUND DATA'!L128
A151: ='FOUND DATA'!B129 | B151: ='FOUND DATA'!C129 | C151: ='FOUND DATA'!D129 | D151: ='FOUND DATA'!E129 | E151: ='FOUND DATA'!F129 | F151: ='FOUND DATA'!G129 | G151: ='FOUND DATA'!H129 | H151: ='FOUND DATA'!I129 | ... K151: ='FOUND DATA'!L129
A152: ='FOUND DATA'!B130 | B152: ='FOUND DATA'!C130 | C152: ='FOUND DATA'!D130 | D152: ='FOUND DATA'!E130 | E152: ='FOUND DATA'!F130 | F152: ='FOUND DATA'!G130 | G152: ='FOUND DATA'!H130 | H152: ='FOUND DATA'!I130 | ... K152: ='FOUND DATA'!L130
A153: ='FOUND DATA'!B131 | B153: ='FOUND DATA'!C131 | C153: ='FOUND DATA'!D131 | D153: ='FOUND DATA'!E131 | E153: ='FOUND DATA'!F131 | F153: ='FOUND DATA'!G131 | G153: ='FOUND DATA'!H131 | H153: ='FOUND DATA'!I131 | ... K153: ='FOUND DATA'!L131
A154: ='FOUND DATA'!B132 | B154: ='FOUND DATA'!C132 | C154: ='FOUND DATA'!D132 | D154: ='FOUND DATA'!E132 | E154: ='FOUND DATA'!F132 | F154: ='FOUND DATA'!G132 | G154: ='FOUND DATA'!H132 | H154: ='FOUND DATA'!I132 | ... K154: ='FOUND DATA'!L132
A155: ='FOUND DATA'!B133 | B155: ='FOUND DATA'!C133 | C155: ='FOUND DATA'!D133 | D155: ='FOUND DATA'!E133 | E155: ='FOUND DATA'!F133 | F155: ='FOUND DATA'!G133 | G155: ='FOUND DATA'!H133 | H155: ='FOUND DATA'!I133 | ... K155: ='FOUND DATA'!L133
A156: ='FOUND DATA'!B134 | B156: ='FOUND DATA'!C134 | C156: ='FOUND DATA'!D134 | D156: ='FOUND DATA'!E134 | E156: ='FOUND DATA'!F134 | F156: ='FOUND DATA'!G134 | G156: ='FOUND DATA'!H134 | H156: ='FOUND DATA'!I134 | ... K156: ='FOUND DATA'!L134
A157: ='FOUND DATA'!B135 | B157: ='FOUND DATA'!C135 | C157: ='FOUND DATA'!D135 | D157: ='FOUND DATA'!E135 | E157: ='FOUND DATA'!F135 | F157: ='FOUND DATA'!G135 | G157: ='FOUND DATA'!H135 | H157: ='FOUND DATA'!I135 | ... K157: ='FOUND DATA'!L135
... A185: ='FOUND DATA'!B163 | B185: ='FOUND DATA'!C163 | C185: ='FOUND DATA'!D163 | D185: ='FOUND DATA'!E163 | E185: ='FOUND DATA'!F163 | F185: ='FOUND DATA'!G163 | G185: ='FOUND DATA'!H163 | H185: ='FOUND DATA'!I163 | ... K185: ='FOUND DATA'!L163

Sheet XDataImport - EXAMS & HW ONLY
A1: ='FOUND DATA'!B4 -> # HWs | B1: ='FOUND DATA'!C4 -> HW Weight | C1: ='FOUND DATA'!D4 -> # Project Assignments | D1: ='FOUND DATA'!E4 -> Project Weight | E1: ='FOUND DATA'!F4 -> # Final exam | F1: ='FOUND DATA'!G4 -> Final Weight
A2: ='FOUND DATA'!B5 -> 5 | B2: ='FOUND DATA'!C5 -> 0.2 | C2: ='FOUND DATA'!D5 -> 10 | D2: ='FOUND DATA'!E5 -> 0.6 | E2: ='FOUND DATA'!F5 -> 0 | F2: ='FOUND DATA'!G5 -> 0
A3: ='FOUND DATA'!B6 -> 8 | B3: ='FOUND DATA'!C6 -> 0.32 | C3: ='FOUND DATA'!D6 -> 4 | D3: ='FOUND DATA'!E6 -> 0.16 | E3: ='FOUND DATA'!F6 -> 1 | F3: ='FOUND DATA'!G6 -> 0.2
A4: ='FOUND DATA'!B7 -> 8 | B4: ='FOUND DATA'!C7 -> 0.32 | C4: ='FOUND DATA'!D7 -> 4 | D4: ='FOUND DATA'!E7 -> 0.16 | E4: ='FOUND DATA'!F7 -> 1 | F4: ='FOUND DATA'!G7 -> 0.2
A5: ='FOUND DATA'!B8 -> 8 | B5: ='FOUND DATA'!C8 -> 0.3 | C5: ='FOUND DATA'!D8 -> 6 | D5: ='FOUND DATA'!E8 -> 0.2 | E5: ='FOUND DATA'!F8 -> 0 | F5: ='FOUND DATA'!G8 -> 0
A6: ='FOUND DATA'!B9 -> 16 | B6: ='FOUND DATA'!C9 -> 0.5 | C6: ='FOUND DATA'!D9 -> 6 | D6: ='FOUND DATA'!E9 -> 0.2 | E6: ='FOUND DATA'!F9 -> 0 | F6: ='FOUND DATA'!G9 -> 0
A7: ='FOUND DATA'!B10 -> 9 | B7: ='FOUND DATA'!C10 -> 0.36 | C7: ='FOUND DATA'!D10 -> 0 | D7: ='FOUND DATA'!E10 -> 0 | E7: ='FOUND DATA'!F10 -> 0 | F7: ='FOUND DATA'!G10 -> 0
A8: ='FOUND DATA'!B11 -> 11 | B8: ='FOUND DATA'!C11 -> 0.25 | C8: ='FOUND DATA'!D11 -> 5 | D8: ='FOUND DATA'!E11 -> 0.15 | E8: ='FOUND DATA'!F11 -> 1 | F8: ='FOUND DATA'!G11 -> 0.2
A9: ='FOUND DATA'!B12 -> 11 | B9: ='FOUND DATA'!C12 -> 0.25 | C9: ='FOUND DATA'!D12 -> 4 | D9: ='FOUND DATA'!E12 -> 0.15 | E9: ='FOUND DATA'!F12 -> 1 | F9: ='FOUND DATA'!G12 -> 0.2
A10: ='FOUND DATA'!B13 -> 10 | B10: ='FOUND DATA'!C13 -> 0.25 | C10: ='FOUND DATA'!D13 -> 9 | D10: ='FOUND DATA'!E13 -> 0.15 | E10: ='FOUND DATA'!F13 -> 1 | F10: ='FOUND DATA'!G13 -> 0.2
A11: ='FOUND DATA'!B14 -> 10 | B11: ='FOUND DATA'!C14 -> 0.25 | C11: ='FOUND DATA'!D14 -> 6 | D11: ='FOUND DATA'!E14 -> 0.15 | E11: ='FOUND DATA'!F14 -> 1 | F11: ='FOUND DATA'!G14 -> 0.2
A12: ='FOUND DATA'!B15 -> 10 | B12: ='FOUND DATA'!C15 -> 0.25 | C12: ='FOUND DATA'!D15 -> 1 | D12: ='FOUND DATA'!E15 -> 0.1 | E12: ='FOUND DATA'!F15 -> 1 | F12: ='FOUND DATA'!G15 -> 0.2
... A106: ='FOUND DATA'!B109 | B106: ='FOUND DATA'!C109 | C106: ='FOUND DATA'!D109 | D106: ='FOUND DATA'!E109 | E106: ='FOUND DATA'!F109 | F106: ='FOUND DATA'!G109
A124: ='FOUND DATA'!B126 | B124: ='FOUND DATA'!C126 | C124: ='FOUND DATA'!F126 | D124: ='FOUND DATA'!G126 | E124: ='FOUND DATA'!H126 | F124: ='FOUND DATA'!I126
A125: ='FOUND DATA'!B127 | B125: ='FOUND DATA'!C127 | C125: ='FOUND DATA'!F127 | D125: ='FOUND DATA'!G127 | E125: ='FOUND DATA'!H127 | F125: ='FOUND DATA'!I127
A126: ='FOUND DATA'!B128 | B126: ='FOUND DATA'!C128 | C126: ='FOUND DATA'!F128 | D126: ='FOUND DATA'!G128 | E126: ='FOUND DATA'!H128 | F126: ='FOUND DATA'!I128
A127: ='FOUND DATA'!B129 | B127: ='FOUND DATA'!C129 | C127: ='FOUND DATA'!F129 | D127: ='FOUND DATA'!G129 | E127: ='FOUND DATA'!H129 | F127: ='FOUND DATA'!I129
A128: ='FOUND DATA'!B130 | B128: ='FOUND DATA'!C130 | C128: ='FOUND DATA'!F130 | D128: ='FOUND DATA'!G130 | E128: ='FOUND DATA'!H130 | F128: ='FOUND DATA'!I130
A129: ='FOUND DATA'!B111 | B129: ='FOUND DATA'!C111 | C129: ='FOUND DATA'!F111 | D129: ='FOUND DATA'!G111 | E129: ='FOUND DATA'!H111 | F129: ='FOUND DATA'!I111
A130: ='FOUND DATA'!B112 | B130: ='FOUND DATA'!C112 | C130: ='FOUND DATA'!F112 | D130: ='FOUND DATA'!G112 | E130: ='FOUND DATA'!H112 | F130: ='FOUND DATA'!I112
A131: ='FOUND DATA'!B113 | B131: ='FOUND DATA'!C113 | C131: ='FOUND DATA'!F113 | D131: ='FOUND DATA'!G113 | E131: ='FOUND DATA'!H113 | F131: ='FOUND DATA'!I113
A132: ='FOUND DATA'!B114 | B132: ='FOUND DATA'!C114 | C132: ='FOUND DATA'!F114 | D132: ='FOUND DATA'!G114 | E132: ='FOUND DATA'!H114 | F132: ='FOUND DATA'!I114
A146: ='FOUND DATA'!B124 | B146: ='FOUND DATA'!C124 | C146: ='FOUND DATA'!F124 | D146: ='FOUND DATA'!G124 | E146: ='FOUND DATA'!H124 | F146: ='FOUND DATA'!I124
A147: ='FOUND DATA'!B125 | B147: ='FOUND DATA'!C125 | C147: ='FOUND DATA'!F125 | D147: ='FOUND DATA'!G125 | E147: ='FOUND DATA'!H125 | F147: ='FOUND DATA'!I125
A148: ='FOUND DATA'!B126 | B148: ='FOUND DATA'!C126 | C148: ='FOUND DATA'!F126 | D148: ='FOUND DATA'!G126 | E148: ='FOUND DATA'!H126 | F148: ='FOUND DATA'!I126
A149: ='FOUND DATA'!B127 | B149: ='FOUND DATA'!C127 | C149: ='FOUND DATA'!F127 | D149: ='FOUND DATA'!G127 | E149: ='FOUND DATA'!H127 | F149: ='FOUND DATA'!I127
A150: ='FOUND DATA'!B128 | B150: ='FOUND DATA'!C128 | C150: ='FOUND DATA'!F128 | D150: ='FOUND DATA'!G128 | E150: ='FOUND DATA'!H128 | F150: ='FOUND DATA'!I128
A151: ='FOUND DATA'!B129 | B151: ='FOUND DATA'!C129 | C151: ='FOUND DATA'!F129 | D151: ='FOUND DATA'!G129 | E151: ='FOUND DATA'!H129 | F151: ='FOUND DATA'!I129
A152: ='FOUND DATA'!B130 | B152: ='FOUND DATA'!C130 | C152: ='FOUND DATA'!F130 | D152: ='FOUND DATA'!G130 | E152: ='FOUND DATA'!H130 | F152: ='FOUND DATA'!I130
A153: ='FOUND DATA'!B131 | B153: ='FOUND DATA'!C131 | C153: ='FOUND DATA'!F131 | D153: ='FOUND DATA'!G131 | E153: ='FOUND DATA'!H131 | F153: ='FOUND DATA'!I131
A154: ='FOUND DATA'!B132 | B154: ='FOUND DATA'!C132 | C154: ='FOUND DATA'!F132 | D154: ='FOUND DATA'!G132 | E154: ='FOUND DATA'!H132 | F154: ='FOUND DATA'!I132
A155: ='FOUND DATA'!B133 | B155: ='FOUND DATA'!C133 | C155: ='FOUND DATA'!F133 | D155: ='FOUND DATA'!G133 | E155: ='FOUND DATA'!H133 | F155: ='FOUND DATA'!I133
A156: ='FOUND DATA'!B134 | B156: ='FOUND DATA'!C134 | C156: ='FOUND DATA'!F134 | D156: ='FOUND DATA'!G134 | E156: ='FOUND DATA'!H134 | F156: ='FOUND DATA'!I134
A157: ='FOUND DATA'!B135 | B157: ='FOUND DATA'!C135 | C157: ='FOUND DATA'!F135 | D157: ='FOUND DATA'!G135 | E157: ='FOUND DATA'!H135 | F157: ='FOUND DATA'!I135
... A185: ='FOUND DATA'!B163 | B185: ='FOUND DATA'!C163 | C185: ='FOUND DATA'!F163 | D185: ='FOUND DATA'!G163 | E185: ='FOUND DATA'!H163 | F185: ='FOUND DATA'!I163

Sheet XDataImport - EXAMS (COMBINED) 
A1: ='FOUND DATA'!B4 -> # HWs | B1: ='FOUND DATA'!C4 -> HW Weight | C1: ='FOUND DATA'!D4 -> # Project Assignments | D1: ='FOUND DATA'!E4 -> Project Weight
A2: ='FOUND DATA'!B5 -> 5 | B2: ='FOUND DATA'!C5 -> 0.2 | C2: ='FOUND DATA'!D5 -> 10 | D2: ='FOUND DATA'!E5 -> 0.6
A3: ='FOUND DATA'!B6 -> 8 | B3: ='FOUND DATA'!C6 -> 0.32 | C3: ='FOUND DATA'!D6 -> 4 | D3: ='FOUND DATA'!E6 -> 0.16
A4: ='FOUND DATA'!B7 -> 8 | B4: ='FOUND DATA'!C7 -> 0.32 | C4: ='FOUND DATA'!D7 -> 4 | D4: ='FOUND DATA'!E7 -> 0.16
A5: ='FOUND DATA'!B8 -> 8 | B5: ='FOUND DATA'!C8 -> 0.3 | C5: ='FOUND DATA'!D8 -> 6 | D5: ='FOUND DATA'!E8 -> 0.2
A6: ='FOUND DATA'!B9 -> 16 | B6: ='FOUND DATA'!C9 -> 0.5 | C6: ='FOUND DATA'!D9 -> 6 | D6: ='FOUND DATA'!E9 -> 0.2
A7: ='FOUND DATA'!B10 -> 9 | B7: ='FOUND DATA'!C10 -> 0.36 | C7: ='FOUND DATA'!D10 -> 0 | D7: ='FOUND DATA'!E10 -> 0
A8: ='FOUND DATA'!B11 -> 11 | B8: ='FOUND DATA'!C11 -> 0.25 | C8: ='FOUND DATA'!D11 -> 5 | D8: ='FOUND DATA'!E11 -> 0.15
A9: ='FOUND DATA'!B12 -> 11 | B9: ='FOUND DATA'!C12 -> 0.25 | C9: ='FOUND DATA'!D12 -> 4 | D9: ='FOUND DATA'!E12 -> 0.15
A10: ='FOUND DATA'!B13 -> 10 | B10: ='FOUND DATA'!C13 -> 0.25 | C10: ='FOUND DATA'!D13 -> 9 | D10: ='FOUND DATA'!E13 -> 0.15
A11: ='FOUND DATA'!B14 -> 10 | B11: ='FOUND DATA'!C14 -> 0.25 | C11: ='FOUND DATA'!D14 -> 6 | D11: ='FOUND DATA'!E14 -> 0.15
A12: ='FOUND DATA'!B15 -> 10 | B12: ='FOUND DATA'!C15 -> 0.25 | C12: ='FOUND DATA'!D15 -> 1 | D12: ='FOUND DATA'!E15 -> 0.1
... A105: ='FOUND DATA'!B108 -> END | B105: ='FOUND DATA'!C108 -> END | C105: ='FOUND DATA'!D108 -> END | D105: ='FOUND DATA'!E108 -> END
A124: ='FOUND DATA'!B126 | B124: ='FOUND DATA'!C126
A125: ='FOUND DATA'!B127 | B125: ='FOUND DATA'!C127
A126: ='FOUND DATA'!B128 | B126: ='FOUND DATA'!C128
A127: ='FOUND DATA'!B129 | B127: ='FOUND DATA'!C129
A128: ='FOUND DATA'!B130 | B128: ='FOUND DATA'!C130
A129: ='FOUND DATA'!B111 | B129: ='FOUND DATA'!C111
A130: ='FOUND DATA'!B112 | B130: ='FOUND DATA'!C112
A131: ='FOUND DATA'!B113 | B131: ='FOUND DATA'!C113
A132: ='FOUND DATA'!B114 | B132: ='FOUND DATA'!C114
A146: ='FOUND DATA'!B124 | B146: ='FOUND DATA'!C124
A147: ='FOUND DATA'!B125 | B147: ='FOUND DATA'!C125
A148: ='FOUND DATA'!B126 | B148: ='FOUND DATA'!C126
A149: ='FOUND DATA'!B127 | B149: ='FOUND DATA'!C127
A150: ='FOUND DATA'!B128 | B150: ='FOUND DATA'!C128
A151: ='FOUND DATA'!B129 | B151: ='FOUND DATA'!C129
A152: ='FOUND DATA'!B130 | B152: ='FOUND DATA'!C130
A153: ='FOUND DATA'!B131 | B153: ='FOUND DATA'!C131
A154: ='FOUND DATA'!B132 | B154: ='FOUND DATA'!C132
A155: ='FOUND DATA'!B133 | B155: ='FOUND DATA'!C133
A156: ='FOUND DATA'!B134 | B156: ='FOUND DATA'!C134
A157: ='FOUND DATA'!B135 | B157: ='FOUND DATA'!C135
... A185: ='FOUND DATA'!B163 | B185: ='FOUND DATA'!C163

Sheet XDataImport - NO QUIZ OR MISC
A1: ='FOUND DATA'!B4 -> # HWs | B1: ='FOUND DATA'!C4 -> HW Weight | C1: ='FOUND DATA'!D4 -> # Project Assignments | D1: ='FOUND DATA'!E4 -> Project Weight | E1: ='FOUND DATA'!F4 -> # Final exam | F1: ='FOUND DATA'!G4 -> Final Weight | G1: ='FOUND DATA'!H4 -> # Other Exams | H1: ='FOUND DATA'!I4 -> Exam Weight
A2: ='FOUND DATA'!B5 -> 5 | B2: ='FOUND DATA'!C5 -> 0.2 | C2: ='FOUND DATA'!D5 -> 10 | D2: ='FOUND DATA'!E5 -> 0.6 | E2: ='FOUND DATA'!F5 -> 0 | F2: ='FOUND DATA'!G5 -> 0 | G2: ='FOUND DATA'!H5 -> 0 | H2: ='FOUND DATA'!I5 -> 0
A3: ='FOUND DATA'!B6 -> 8 | B3: ='FOUND DATA'!C6 -> 0.32 | C3: ='FOUND DATA'!D6 -> 4 | D3: ='FOUND DATA'!E6 -> 0.16 | E3: ='FOUND DATA'!F6 -> 1 | F3: ='FOUND DATA'!G6 -> 0.2 | G3: ='FOUND DATA'!H6 -> 0 | H3: ='FOUND DATA'!I6 -> 0
A4: ='FOUND DATA'!B7 -> 8 | B4: ='FOUND DATA'!C7 -> 0.32 | C4: ='FOUND DATA'!D7 -> 4 | D4: ='FOUND DATA'!E7 -> 0.16 | E4: ='FOUND DATA'!F7 -> 1 | F4: ='FOUND DATA'!G7 -> 0.2 | G4: ='FOUND DATA'!H7 -> 0 | H4: ='FOUND DATA'!I7 -> 0
A5: ='FOUND DATA'!B8 -> 8 | B5: ='FOUND DATA'!C8 -> 0.3 | C5: ='FOUND DATA'!D8 -> 6 | D5: ='FOUND DATA'!E8 -> 0.2 | E5: ='FOUND DATA'!F8 -> 0 | F5: ='FOUND DATA'!G8 -> 0 | G5: ='FOUND DATA'!H8 -> 3 | H5: ='FOUND DATA'!I8 -> 0.45
A6: ='FOUND DATA'!B9 -> 16 | B6: ='FOUND DATA'!C9 -> 0.5 | C6: ='FOUND DATA'!D9 -> 6 | D6: ='FOUND DATA'!E9 -> 0.2 | E6: ='FOUND DATA'!F9 -> 0 | F6: ='FOUND DATA'!G9 -> 0 | G6: ='FOUND DATA'!H9 -> 3 | H6: ='FOUND DATA'!I9 -> 0.3
A7: ='FOUND DATA'!B10 -> 9 | B7: ='FOUND DATA'!C10 -> 0.36 | C7: ='FOUND DATA'!D10 -> 0 | D7: ='FOUND DATA'!E10 -> 0 | E7: ='FOUND DATA'!F10 -> 0 | F7: ='FOUND DATA'!G10 -> 0 | G7: ='FOUND DATA'!H10 -> 4 | H7: ='FOUND DATA'!I10 -> 0.48
A8: ='FOUND DATA'!B11 -> 11 | B8: ='FOUND DATA'!C11 -> 0.25 | C8: ='FOUND DATA'!D11 -> 5 | D8: ='FOUND DATA'!E11 -> 0.15 | E8: ='FOUND DATA'!F11 -> 1 | F8: ='FOUND DATA'!G11 -> 0.2 | G8: ='FOUND DATA'!H11 -> 3 | H8: ='FOUND DATA'!I11 -> 0.3
A9: ='FOUND DATA'!B12 -> 11 | B9: ='FOUND DATA'!C12 -> 0.25 | C9: ='FOUND DATA'!D12 -> 4 | D9: ='FOUND DATA'!E12 -> 0.15 | E9: ='FOUND DATA'!F12 -> 1 | F9: ='FOUND DATA'!G12 -> 0.2 | G9: ='FOUND DATA'!H12 -> 3 | H9: ='FOUND DATA'!I12 -> 0.3
A10: ='FOUND DATA'!B13 -> 10 | B10: ='FOUND DATA'!C13 -> 0.25 | C10: ='FOUND DATA'!D13 -> 9 | D10: ='FOUND DATA'!E13 -> 0.15 | E10: ='FOUND DATA'!F13 -> 1 | F10: ='FOUND DATA'!G13 -> 0.2 | G10: ='FOUND DATA'!H13 -> 3 | H10: ='FOUND DATA'!I13 -> 0.3
A11: ='FOUND DATA'!B14 -> 10 | B11: ='FOUND DATA'!C14 -> 0.25 | C11: ='FOUND DATA'!D14 -> 6 | D11: ='FOUND DATA'!E14 -> 0.15 | E11: ='FOUND DATA'!F14 -> 1 | F11: ='FOUND DATA'!G14 -> 0.2 | G11: ='FOUND DATA'!H14 -> 3 | H11: ='FOUND DATA'!I14 -> 0.3
A12: ='FOUND DATA'!B15 -> 10 | B12: ='FOUND DATA'!C15 -> 0.25 | C12: ='FOUND DATA'!D15 -> 1 | D12: ='FOUND DATA'!E15 -> 0.1 | E12: ='FOUND DATA'!F15 -> 1 | F12: ='FOUND DATA'!G15 -> 0.2 | G12: ='FOUND DATA'!H15 -> 3 | H12: ='FOUND DATA'!I15 -> 0.3
... A105: ='FOUND DATA'!B108 -> END | B105: ='FOUND DATA'!C108 -> END | C105: ='FOUND DATA'!D108 -> END | D105: ='FOUND DATA'!E108 -> END | E105: ='FOUND DATA'!F108 -> END | F105: ='FOUND DATA'!G108 -> END | G105: ='FOUND DATA'!H108 -> END | H105: ='FOUND DATA'!I108 -> END
A124: ='FOUND DATA'!B126 | B124: ='FOUND DATA'!C126 | C124: ='FOUND DATA'!D126 | D124: ='FOUND DATA'!E126 | E124: ='FOUND DATA'!F126 | F124: ='FOUND DATA'!G126 | G124: ='FOUND DATA'!H126 | H124: ='FOUND DATA'!I126
A125: ='FOUND DATA'!B127 | B125: ='FOUND DATA'!C127 | C125: ='FOUND DATA'!D127 | D125: ='FOUND DATA'!E127 | E125: ='FOUND DATA'!F127 | F125: ='FOUND DATA'!G127 | G125: ='FOUND DATA'!H127 | H125: ='FOUND DATA'!I127
A126: ='FOUND DATA'!B128 | B126: ='FOUND DATA'!C128 | C126: ='FOUND DATA'!D128 | D126: ='FOUND DATA'!E128 | E126: ='FOUND DATA'!F128 | F126: ='FOUND DATA'!G128 | G126: ='FOUND DATA'!H128 | H126: ='FOUND DATA'!I128
A127: ='FOUND DATA'!B129 | B127: ='FOUND DATA'!C129 | C127: ='FOUND DATA'!D129 | D127: ='FOUND DATA'!E129 | E127: ='FOUND DATA'!F129 | F127: ='FOUND DATA'!G129 | G127: ='FOUND DATA'!H129 | H127: ='FOUND DATA'!I129
A128: ='FOUND DATA'!B130 | B128: ='FOUND DATA'!C130 | C128: ='FOUND DATA'!D130 | D128: ='FOUND DATA'!E130 | E128: ='FOUND DATA'!F130 | F128: ='FOUND DATA'!G130 | G128: ='FOUND DATA'!H130 | H128: ='FOUND DATA'!I130
A129: ='FOUND DATA'!B111 | B129: ='FOUND DATA'!C111 | C129: ='FOUND DATA'!D111 | D129: ='FOUND DATA'!E111 | E129: ='FOUND DATA'!F111 | F129: ='FOUND DATA'!G111 | G129: ='FOUND DATA'!H111 | H129: ='FOUND DATA'!I111
A130: ='FOUND DATA'!B112 | B130: ='FOUND DATA'!C112 | C130: ='FOUND DATA'!D112 | D130: ='FOUND DATA'!E112 | E130: ='FOUND DATA'!F112 | F130: ='FOUND DATA'!G112 | G130: ='FOUND DATA'!H112 | H130: ='FOUND DATA'!I112
A131: ='FOUND DATA'!B113 | B131: ='FOUND DATA'!C113 | C131: ='FOUND DATA'!D113 | D131: ='FOUND DATA'!E113 | E131: ='FOUND DATA'!F113 | F131: ='FOUND DATA'!G113 | G131: ='FOUND DATA'!H113 | H131: ='FOUND DATA'!I113
A132: ='FOUND DATA'!B114 | B132: ='FOUND DATA'!C114 | C132: ='FOUND DATA'!D114 | D132: ='FOUND DATA'!E114 | E132: ='FOUND DATA'!F114 | F132: ='FOUND DATA'!G114 | G132: ='FOUND DATA'!H114 | H132: ='FOUND DATA'!I114
A146: ='FOUND DATA'!B124 | B146: ='FOUND DATA'!C124 | C146: ='FOUND DATA'!D124 | D146: ='FOUND DATA'!E124 | E146: ='FOUND DATA'!F124 | F146: ='FOUND DATA'!G124 | G146: ='FOUND DATA'!H124 | H146: ='FOUND DATA'!I124
A147: ='FOUND DATA'!B125 | B147: ='FOUND DATA'!C125 | C147: ='FOUND DATA'!D125 | D147: ='FOUND DATA'!E125 | E147: ='FOUND DATA'!F125 | F147: ='FOUND DATA'!G125 | G147: ='FOUND DATA'!H125 | H147: ='FOUND DATA'!I125
A148: ='FOUND DATA'!B126 | B148: ='FOUND DATA'!C126 | C148: ='FOUND DATA'!D126 | D148: ='FOUND DATA'!E126 | E148: ='FOUND DATA'!F126 | F148: ='FOUND DATA'!G126 | G148: ='FOUND DATA'!H126 | H148: ='FOUND DATA'!I126
A149: ='FOUND DATA'!B127 | B149: ='FOUND DATA'!C127 | C149: ='FOUND DATA'!D127 | D149: ='FOUND DATA'!E127 | E149: ='FOUND DATA'!F127 | F149: ='FOUND DATA'!G127 | G149: ='FOUND DATA'!H127 | H149: ='FOUND DATA'!I127
A150: ='FOUND DATA'!B128 | B150: ='FOUND DATA'!C128 | C150: ='FOUND DATA'!D128 | D150: ='FOUND DATA'!E128 | E150: ='FOUND DATA'!F128 | F150: ='FOUND DATA'!G128 | G150: ='FOUND DATA'!H128 | H150: ='FOUND DATA'!I128
A151: ='FOUND DATA'!B129 | B151: ='FOUND DATA'!C129 | C151: ='FOUND DATA'!D129 | D151: ='FOUND DATA'!E129 | E151: ='FOUND DATA'!F129 | F151: ='FOUND DATA'!G129 | G151: ='FOUND DATA'!H129 | H151: ='FOUND DATA'!I129
A152: ='FOUND DATA'!B130 | B152: ='FOUND DATA'!C130 | C152: ='FOUND DATA'!D130 | D152: ='FOUND DATA'!E130 | E152: ='FOUND DATA'!F130 | F152: ='FOUND DATA'!G130 | G152: ='FOUND DATA'!H130 | H152: ='FOUND DATA'!I130
A153: ='FOUND DATA'!B131 | B153: ='FOUND DATA'!C131 | C153: ='FOUND DATA'!D131 | D153: ='FOUND DATA'!E131 | E153: ='FOUND DATA'!F131 | F153: ='FOUND DATA'!G131 | G153: ='FOUND DATA'!H131 | H153: ='FOUND DATA'!I131
A154: ='FOUND DATA'!B132 | B154: ='FOUND DATA'!C132 | C154: ='FOUND DATA'!D132 | D154: ='FOUND DATA'!E132 | E154: ='FOUND DATA'!F132 | F154: ='FOUND DATA'!G132 | G154: ='FOUND DATA'!H132 | H154: ='FOUND DATA'!I132
A155: ='FOUND DATA'!B133 | B155: ='FOUND DATA'!C133 | C155: ='FOUND DATA'!D133 | D155: ='FOUND DATA'!E133 | E155: ='FOUND DATA'!F133 | F155: ='FOUND DATA'!G133 | G155: ='FOUND DATA'!H133 | H155: ='FOUND DATA'!I133
A156: ='FOUND DATA'!B134 | B156: ='FOUND DATA'!C134 | C156: ='FOUND DATA'!D134 | D156: ='FOUND DATA'!E134 | E156: ='FOUND DATA'!F134 | F156: ='FOUND DATA'!G134 | G156: ='FOUND DATA'!H134 | H156: ='FOUND DATA'!I134
A157: ='FOUND DATA'!B135 | B157: ='FOUND DATA'!C135 | C157: ='FOUND DATA'!D135 | D157: ='FOUND DATA'!E135 | E157: ='FOUND DATA'!F135 | F157: ='FOUND DATA'!G135 | G157: ='FOUND DATA'!H135 | H157: ='FOUND DATA'!I135
... A185: ='FOUND DATA'!B163 | B185: ='FOUND DATA'!C163 | C185: ='FOUND DATA'!D163 | D185: ='FOUND DATA'!E163 | E185: ='FOUND DATA'!F163 | F185: ='FOUND DATA'!G163 | G185: ='FOUND DATA'!H163 | H185: ='FOUND DATA'!I163

Sheet XDataImport - WEIGHTS ONLY
A1: ='FOUND DATA'!C4 -> HW Weight | B1: ='FOUND DATA'!D4 -> # Project Assignments | C1: ='FOUND DATA'!E4 -> Project Weight | D1: ='FOUND DATA'!F4 -> # Final exam | E1: ='FOUND DATA'!G4 -> Final Weight | F1: ='FOUND DATA'!H4 -> # Other Exams
A2: ='FOUND DATA'!C5 -> 0.2 | B2: ='FOUND DATA'!D5 -> 10 | C2: ='FOUND DATA'!E5 -> 0.6 | D2: ='FOUND DATA'!F5 -> 0 | E2: ='FOUND DATA'!G5 -> 0 | F2: ='FOUND DATA'!H5 -> 0
A3: ='FOUND DATA'!C6 -> 0.32 | B3: ='FOUND DATA'!D6 -> 4 | C3: ='FOUND DATA'!E6 -> 0.16 | D3: ='FOUND DATA'!F6 -> 1 | E3: ='FOUND DATA'!G6 -> 0.2 | F3: ='FOUND DATA'!H6 -> 0
A4: ='FOUND DATA'!C7 -> 0.32 | B4: ='FOUND DATA'!D7 -> 4 | C4: ='FOUND DATA'!E7 -> 0.16 | D4: ='FOUND DATA'!F7 -> 1 | E4: ='FOUND DATA'!G7 -> 0.2 | F4: ='FOUND DATA'!H7 -> 0
A5: ='FOUND DATA'!C8 -> 0.3 | B5: ='FOUND DATA'!D8 -> 6 | C5: ='FOUND DATA'!E8 -> 0.2 | D5: ='FOUND DATA'!F8 -> 0 | E5: ='FOUND DATA'!G8 -> 0 | F5: ='FOUND DATA'!H8 -> 3
A6: ='FOUND DATA'!C9 -> 0.5 | B6: ='FOUND DATA'!D9 -> 6 | C6: ='FOUND DATA'!E9 -> 0.2 | D6: ='FOUND DATA'!F9 -> 0 | E6: ='FOUND DATA'!G9 -> 0 | F6: ='FOUND DATA'!H9 -> 3
A7: ='FOUND DATA'!C10 -> 0.36 | B7: ='FOUND DATA'!D10 -> 0 | C7: ='FOUND DATA'!E10 -> 0 | D7: ='FOUND DATA'!F10 -> 0 | E7: ='FOUND DATA'!G10 -> 0 | F7: ='FOUND DATA'!H10 -> 4
A8: ='FOUND DATA'!C11 -> 0.25 | B8: ='FOUND DATA'!D11 -> 5 | C8: ='FOUND DATA'!E11 -> 0.15 | D8: ='FOUND DATA'!F11 -> 1 | E8: ='FOUND DATA'!G11 -> 0.2 | F8: ='FOUND DATA'!H11 -> 3
A9: ='FOUND DATA'!C12 -> 0.25 | B9: ='FOUND DATA'!D12 -> 4 | C9: ='FOUND DATA'!E12 -> 0.15 | D9: ='FOUND DATA'!F12 -> 1 | E9: ='FOUND DATA'!G12 -> 0.2 | F9: ='FOUND DATA'!H12 -> 3
A10: ='FOUND DATA'!C13 -> 0.25 | B10: ='FOUND DATA'!D13 -> 9 | C10: ='FOUND DATA'!E13 -> 0.15 | D10: ='FOUND DATA'!F13 -> 1 | E10: ='FOUND DATA'!G13 -> 0.2 | F10: ='FOUND DATA'!H13 -> 3
A11: ='FOUND DATA'!C14 -> 0.25 | B11: ='FOUND DATA'!D14 -> 6 | C11: ='FOUND DATA'!E14 -> 0.15 | D11: ='FOUND DATA'!F14 -> 1 | E11: ='FOUND DATA'!G14 -> 0.2 | F11: ='FOUND DATA'!H14 -> 3
A12: ='FOUND DATA'!C15 -> 0.25 | B12: ='FOUND DATA'!D15 -> 1 | C12: ='FOUND DATA'!E15 -> 0.1 | D12: ='FOUND DATA'!F15 -> 1 | E12: ='FOUND DATA'!G15 -> 0.2 | F12: ='FOUND DATA'!H15 -> 3
... A105: ='FOUND DATA'!C108 -> END | B105: ='FOUND DATA'!D108 -> END | C105: ='FOUND DATA'!E108 -> END | D105: ='FOUND DATA'!F108 -> END | E105: ='FOUND DATA'!G108 -> END | F105: ='FOUND DATA'!H108 -> END
A124: ='FOUND DATA'!C126 | B124: ='FOUND DATA'!E126 | C124: ='FOUND DATA'!G126 | D124: ='FOUND DATA'!I126 | E124: ='FOUND DATA'!K126 | F124: ='FOUND DATA'!L126
A125: ='FOUND DATA'!C127 | B125: ='FOUND DATA'!E127 | C125: ='FOUND DATA'!G127 | D125: ='FOUND DATA'!I127 | E125: ='FOUND DATA'!K127 | F125: ='FOUND DATA'!L127
A126: ='FOUND DATA'!C128 | B126: ='FOUND DATA'!E128 | C126: ='FOUND DATA'!G128 | D126: ='FOUND DATA'!I128 | E126: ='FOUND DATA'!K128 | F126: ='FOUND DATA'!L128
A127: ='FOUND DATA'!C129 | B127: ='FOUND DATA'!E129 | C127: ='FOUND DATA'!G129 | D127: ='FOUND DATA'!I129 | E127: ='FOUND DATA'!K129 | F127: ='FOUND DATA'!L129
A128: ='FOUND DATA'!C130 | B128: ='FOUND DATA'!E130 | C128: ='FOUND DATA'!G130 | D128: ='FOUND DATA'!I130 | E128: ='FOUND DATA'!K130 | F128: ='FOUND DATA'!L130
A129: ='FOUND DATA'!C111 | B129: ='FOUND DATA'!E111 | C129: ='FOUND DATA'!G111 | D129: ='FOUND DATA'!I111 | E129: ='FOUND DATA'!K111 | F129: ='FOUND DATA'!L111
A130: ='FOUND DATA'!C112 | B130: ='FOUND DATA'!E112 | C130: ='FOUND DATA'!G112 | D130: ='FOUND DATA'!I112 | E130: ='FOUND DATA'!K112 | F130: ='FOUND DATA'!L112
A131: ='FOUND DATA'!C113 | B131: ='FOUND DATA'!E113 | C131: ='FOUND DATA'!G113 | D131: ='FOUND DATA'!I113 | E131: ='FOUND DATA'!K113 | F131: ='FOUND DATA'!L113
A132: ='FOUND DATA'!C114 | B132: ='FOUND DATA'!E114 | C132: ='FOUND DATA'!G114 | D132: ='FOUND DATA'!I114 | E132: ='FOUND DATA'!K114 | F132: ='FOUND DATA'!L114
A146: ='FOUND DATA'!C124 | B146: ='FOUND DATA'!E124 | C146: ='FOUND DATA'!G124 | D146: ='FOUND DATA'!I124 | E146: ='FOUND DATA'!K124 | F146: ='FOUND DATA'!L124
A147: ='FOUND DATA'!C125 | B147: ='FOUND DATA'!E125 | C147: ='FOUND DATA'!G125 | D147: ='FOUND DATA'!I125 | E147: ='FOUND DATA'!K125 | F147: ='FOUND DATA'!L125
A148: ='FOUND DATA'!C126 | B148: ='FOUND DATA'!E126 | C148: ='FOUND DATA'!G126 | D148: ='FOUND DATA'!I126 | E148: ='FOUND DATA'!K126 | F148: ='FOUND DATA'!L126
A149: ='FOUND DATA'!C127 | B149: ='FOUND DATA'!E127 | C149: ='FOUND DATA'!G127 | D149: ='FOUND DATA'!I127 | E149: ='FOUND DATA'!K127 | F149: ='FOUND DATA'!L127
A150: ='FOUND DATA'!C128 | B150: ='FOUND DATA'!E128 | C150: ='FOUND DATA'!G128 | D150: ='FOUND DATA'!I128 | E150: ='FOUND DATA'!K128 | F150: ='FOUND DATA'!L128
A151: ='FOUND DATA'!C129 | B151: ='FOUND DATA'!E129 | C151: ='FOUND DATA'!G129 | D151: ='FOUND DATA'!I129 | E151: ='FOUND DATA'!K129 | F151: ='FOUND DATA'!L129
A152: ='FOUND DATA'!C130 | B152: ='FOUND DATA'!E130 | C152: ='FOUND DATA'!G130 | D152: ='FOUND DATA'!I130 | E152: ='FOUND DATA'!K130 | F152: ='FOUND DATA'!L130
A153: ='FOUND DATA'!C131 | B153: ='FOUND DATA'!E131 | C153: ='FOUND DATA'!G131 | D153: ='FOUND DATA'!I131 | E153: ='FOUND DATA'!K131 | F153: ='FOUND DATA'!L131
A154: ='FOUND DATA'!C132 | B154: ='FOUND DATA'!E132 | C154: ='FOUND DATA'!G132 | D154: ='FOUND DATA'!I132 | E154: ='FOUND DATA'!K132 | F154: ='FOUND DATA'!L132
A155: ='FOUND DATA'!C133 | B155: ='FOUND DATA'!E133 | C155: ='FOUND DATA'!G133 | D155: ='FOUND DATA'!I133 | E155: ='FOUND DATA'!K133 | F155: ='FOUND DATA'!L133
A156: ='FOUND DATA'!C134 | B156: ='FOUND DATA'!E134 | C156: ='FOUND DATA'!G134 | D156: ='FOUND DATA'!I134 | E156: ='FOUND DATA'!K134 | F156: ='FOUND DATA'!L134
A157: ='FOUND DATA'!C135 | B157: ='FOUND DATA'!E135 | C157: ='FOUND DATA'!G135 | D157: ='FOUND DATA'!I135 | E157: ='FOUND DATA'!K135 | F157: ='FOUND DATA'!L135
... A185: ='FOUND DATA'!C163 | B185: ='FOUND DATA'!E163 | C185: ='FOUND DATA'!G163 | D185: ='FOUND DATA'!I163 | E185: ='FOUND DATA'!K163 | F185: ='FOUND DATA'!L163

Sheet YDataImport - DISTRIBUTION
A1: ='FOUND DATA'!N4 -> Class F | B1: ='FOUND DATA'!O4 -> Class D | C1: ='FOUND DATA'!P4 -> Class C | D1: ='FOUND DATA'!Q4 -> Class B | E1: ='FOUND DATA'!R4 -> Class A
A2: ='FOUND DATA'!N5 -> 0.48 | B2: ='FOUND DATA'!O5 -> 1.58 | C2: ='FOUND DATA'!P5 -> 4.11 | D2: ='FOUND DATA'!Q5 -> 15.03 | E2: ='FOUND DATA'!R5 -> 78.8
A3: ='FOUND DATA'!N6 -> 1.2 | B3: ='FOUND DATA'!O6 -> 4.82 | C3: ='FOUND DATA'!P6 -> 19.28 | D3: ='FOUND DATA'!Q6 -> 39.76 | E3: ='FOUND DATA'!R6 -> 34.94
A4: ='FOUND DATA'!N7 -> 0 | B4: ='FOUND DATA'!O7 -> 5.97 | C4: ='FOUND DATA'!P7 -> 16.42 | D4: ='FOUND DATA'!Q7 -> 41.79 | E4: ='FOUND DATA'!R7 -> 35.82
A5: ='FOUND DATA'!N8 -> 3.17 | B5: ='FOUND DATA'!O8 -> 6.35 | C5: ='FOUND DATA'!P8 -> 16.67 | D5: ='FOUND DATA'!Q8 -> 48.41 | E5: ='FOUND DATA'!R8 -> 25.4
A6: ='FOUND DATA'!N9 -> 3.43 | B6: ='FOUND DATA'!O9 -> 2.05 | C6: ='FOUND DATA'!P9 -> 32.19 | D6: ='FOUND DATA'!Q9 -> 45.21 | E6: ='FOUND DATA'!R9 -> 17.12
A7: ='FOUND DATA'!N10 -> 5.63 | B7: ='FOUND DATA'!O10 -> 3.52 | C7: ='FOUND DATA'!P10 -> 17.61 | D7: ='FOUND DATA'!Q10 -> 39.44 | E7: ='FOUND DATA'!R10 -> 33.8
A8: ='FOUND DATA'!N11 -> 5.36 | B8: ='FOUND DATA'!O11 -> 6.55 | C8: ='FOUND DATA'!P11 -> 19.64 | D8: ='FOUND DATA'!Q11 -> 35.12 | E8: ='FOUND DATA'!R11 -> 33.33
A9: ='FOUND DATA'!N12 -> 7.5 | B9: ='FOUND DATA'!O12 -> 6.25 | C9: ='FOUND DATA'!P12 -> 22.5 | D9: ='FOUND DATA'!Q12 -> 34.38 | E9: ='FOUND DATA'!R12 -> 29.37
A10: ='FOUND DATA'!N13 -> 7.1 | B10: ='FOUND DATA'!O13 -> 7.1 | C10: ='FOUND DATA'!P13 -> 12.26 | D10: ='FOUND DATA'!Q13 -> 34.19 | E10: ='FOUND DATA'!R13 -> 39.35
A11: ='FOUND DATA'!N14 -> 6.56 | B11: ='FOUND DATA'!O14 -> 2.19 | C11: ='FOUND DATA'!P14 -> 10.95 | D11: ='FOUND DATA'!Q14 -> 35.77 | E11: ='FOUND DATA'!R14 -> 44.53
A12: ='FOUND DATA'!N15 -> 1.55 | B12: ='FOUND DATA'!O15 -> 0.78 | C12: ='FOUND DATA'!P15 -> 17.83 | D12: ='FOUND DATA'!Q15 -> 41.86 | E12: ='FOUND DATA'!R15 -> 37.98
... A105: ='FOUND DATA'!N108 -> END | B105: ='FOUND DATA'!O108 -> END | C105: ='FOUND DATA'!P108 -> END | D105: ='FOUND DATA'!Q108 -> END | E105: ='FOUND DATA'!R108 -> END
A122: ='FOUND DATA'!N124 | B122: ='FOUND DATA'!O124 | C122: ='FOUND DATA'!P124 | D122: ='FOUND DATA'!Q124 | E122: ='FOUND DATA'!R124
A123: ='FOUND DATA'!N125 | B123: ='FOUND DATA'!O125 | C123: ='FOUND DATA'!P125 | D123: ='FOUND DATA'!Q125 | E123: ='FOUND DATA'!R125
A124: ='FOUND DATA'!N126 | B124: ='FOUND DATA'!O126 | C124: ='FOUND DATA'!P126 | D124: ='FOUND DATA'!Q126 | E124: ='FOUND DATA'!R126
A125: ='FOUND DATA'!N127 | B125: ='FOUND DATA'!O127 | C125: ='FOUND DATA'!P127 | D125: ='FOUND DATA'!Q127 | E125: ='FOUND DATA'!R127
A126: ='FOUND DATA'!N128 | B126: ='FOUND DATA'!O128 | C126: ='FOUND DATA'!P128 | D126: ='FOUND DATA'!Q128 | E126: ='FOUND DATA'!R128
A127: ='FOUND DATA'!N129 | B127: ='FOUND DATA'!O129 | C127: ='FOUND DATA'!P129 | D127: ='FOUND DATA'!Q129 | E127: ='FOUND DATA'!R129
A128: ='FOUND DATA'!N130 | B128: ='FOUND DATA'!O130 | C128: ='FOUND DATA'!P130 | D128: ='FOUND DATA'!Q130 | E128: ='FOUND DATA'!R130
A129: ='FOUND DATA'!N131 | B129: ='FOUND DATA'!O131 | C129: ='FOUND DATA'!P131 | D129: ='FOUND DATA'!Q131 | E129: ='FOUND DATA'!R131
A130: ='FOUND DATA'!N132 | B130: ='FOUND DATA'!O132 | C130: ='FOUND DATA'!P132 | D130: ='FOUND DATA'!Q132 | E130: ='FOUND DATA'!R132
A143: ='FOUND DATA'!N121 | B143: ='FOUND DATA'!O121 | C143: ='FOUND DATA'!P121 | D143: ='FOUND DATA'!Q121 | E143: ='FOUND DATA'!R121
A144: ='FOUND DATA'!N122 | B144: ='FOUND DATA'!O122 | C144: ='FOUND DATA'!P122 | D144: ='FOUND DATA'!Q122 | E144: ='FOUND DATA'!R122
A145: ='FOUND DATA'!N123 | B145: ='FOUND DATA'!O123 | C145: ='FOUND DATA'!P123 | D145: ='FOUND DATA'!Q123 | E145: ='FOUND DATA'!R123
A146: ='FOUND DATA'!N124 | B146: ='FOUND DATA'!O124 | C146: ='FOUND DATA'!P124 | D146: ='FOUND DATA'!Q124 | E146: ='FOUND DATA'!R124
A147: ='FOUND DATA'!N125 | B147: ='FOUND DATA'!O125 | C147: ='FOUND DATA'!P125 | D147: ='FOUND DATA'!Q125 | E147: ='FOUND DATA'!R125
A148: ='FOUND DATA'!N126 | B148: ='FOUND DATA'!O126 | C148: ='FOUND DATA'!P126 | D148: ='FOUND DATA'!Q126 | E148: ='FOUND DATA'!R126
A149: ='FOUND DATA'!N127 | B149: ='FOUND DATA'!O127 | C149: ='FOUND DATA'!P127 | D149: ='FOUND DATA'!Q127 | E149: ='FOUND DATA'!R127
A150: ='FOUND DATA'!N128 | B150: ='FOUND DATA'!O128 | C150: ='FOUND DATA'!P128 | D150: ='FOUND DATA'!Q128 | E150: ='FOUND DATA'!R128
A151: ='FOUND DATA'!N129 | B151: ='FOUND DATA'!O129 | C151: ='FOUND DATA'!P129 | D151: ='FOUND DATA'!Q129 | E151: ='FOUND DATA'!R129
A152: ='FOUND DATA'!N130 | B152: ='FOUND DATA'!O130 | C152: ='FOUND DATA'!P130 | D152: ='FOUND DATA'!Q130 | E152: ='FOUND DATA'!R130
A153: ='FOUND DATA'!N131 | B153: ='FOUND DATA'!O131 | C153: ='FOUND DATA'!P131 | D153: ='FOUND DATA'!Q131 | E153: ='FOUND DATA'!R131
A154: ='FOUND DATA'!N132 | B154: ='FOUND DATA'!O132 | C154: ='FOUND DATA'!P132 | D154: ='FOUND DATA'!Q132 | E154: ='FOUND DATA'!R132
... A167: ='FOUND DATA'!N145 | B167: ='FOUND DATA'!O145 | C167: ='FOUND DATA'!P145 | D167: ='FOUND DATA'!Q145 | E167: ='FOUND DATA'!R145

Sheet YDataImport - PASSFAIL
A1: ='FOUND DATA'!T4 -> % FAIL | B1: ='FOUND DATA'!U4 -> % PASS
A2: ='FOUND DATA'!T5 -> 2.06 | B2: ='FOUND DATA'!U5 -> 97.94
A3: ='FOUND DATA'!T6 -> 6.02 | B3: ='FOUND DATA'!U6 -> 93.98
A4: ='FOUND DATA'!T7 -> 5.97 | B4: ='FOUND DATA'!U7 -> 94.03
A5: ='FOUND DATA'!T8 -> 9.52 | B5: ='FOUND DATA'!U8 -> 90.48
A6: ='FOUND DATA'!T9 -> 5.48 | B6: ='FOUND DATA'!U9 -> 94.52
A7: ='FOUND DATA'!T10 -> 9.15 | B7: ='FOUND DATA'!U10 -> 90.85
A8: ='FOUND DATA'!T11 -> 11.91 | B8: ='FOUND DATA'!U11 -> 88.09
A9: ='FOUND DATA'!T12 -> 13.75 | B9: ='FOUND DATA'!U12 -> 86.25
A10: ='FOUND DATA'!T13 -> 14.2 | B10: ='FOUND DATA'!U13 -> 85.8
A11: ='FOUND DATA'!T14 -> 8.75 | B11: ='FOUND DATA'!U14 -> 91.25
A12: ='FOUND DATA'!T15 -> 2.33 | B12: ='FOUND DATA'!U15 -> 97.67
... A105: ='FOUND DATA'!T108 -> END | B105: ='FOUND DATA'!U108 -> END
A106: ='FOUND DATA'!T111 | B106: ='FOUND DATA'!U111
A107: ='FOUND DATA'!T112 | B107: ='FOUND DATA'!U112
A108: ='FOUND DATA'!T113 | B108: ='FOUND DATA'!U113
A109: ='FOUND DATA'!T114 | B109: ='FOUND DATA'!U114
A110: ='FOUND DATA'!T115 | B110: ='FOUND DATA'!U115
A111: ='FOUND DATA'!T116 | B111: ='FOUND DATA'!U116
A119: ='FOUND DATA'!S121
A120: ='FOUND DATA'!S122
A121: ='FOUND DATA'!S123
A122: ='FOUND DATA'!S124
A123: ='FOUND DATA'!S125
A124: ='FOUND DATA'!S126
A125: ='FOUND DATA'!S127
A126: ='FOUND DATA'!S128
A127: ='FOUND DATA'!S129
A128: ='FOUND DATA'!S130
A129: ='FOUND DATA'!S131
A130: ='FOUND DATA'!S132
... A132: ='FOUND DATA'!S134

Sheet YDataImport - PASSFAIL - INDEPT
A1: ='FOUND DATA'!W4 -> FAIL (D,F) | B1: ='FOUND DATA'!X4 -> CLOSE PASS (C) | C1: ='FOUND DATA'!Y4 -> CLEAR PASS (A,B)
A2: ='FOUND DATA'!W5 -> 2.06 | B2: ='FOUND DATA'!X5 -> 4.11 | C2: ='FOUND DATA'!Y5 -> 93.83
A3: ='FOUND DATA'!W6 -> 6.02 | B3: ='FOUND DATA'!X6 -> 19.28 | C3: ='FOUND DATA'!Y6 -> 74.7
A4: ='FOUND DATA'!W7 -> 5.97 | B4: ='FOUND DATA'!X7 -> 16.42 | C4: ='FOUND DATA'!Y7 -> 77.61
A5: ='FOUND DATA'!W8 -> 9.52 | B5: ='FOUND DATA'!X8 -> 16.67 | C5: ='FOUND DATA'!Y8 -> 73.81
A6: ='FOUND DATA'!W9 -> 5.48 | B6: ='FOUND DATA'!X9 -> 32.19 | C6: ='FOUND DATA'!Y9 -> 62.33
A7: ='FOUND DATA'!W10 -> 9.15 | B7: ='FOUND DATA'!X10 -> 17.61 | C7: ='FOUND DATA'!Y10 -> 73.24
A8: ='FOUND DATA'!W11 -> 11.91 | B8: ='FOUND DATA'!X11 -> 19.64 | C8: ='FOUND DATA'!Y11 -> 68.45
A9: ='FOUND DATA'!W12 -> 13.75 | B9: ='FOUND DATA'!X12 -> 22.5 | C9: ='FOUND DATA'!Y12 -> 63.75
A10: ='FOUND DATA'!W13 -> 14.2 | B10: ='FOUND DATA'!X13 -> 12.26 | C10: ='FOUND DATA'!Y13 -> 73.54
A11: ='FOUND DATA'!W14 -> 8.75 | B11: ='FOUND DATA'!X14 -> 10.95 | C11: ='FOUND DATA'!Y14 -> 80.3
A12: ='FOUND DATA'!W15 -> 2.33 | B12: ='FOUND DATA'!X15 -> 17.83 | C12: ='FOUND DATA'!Y15 -> 79.84
... A105: ='FOUND DATA'!W108 -> END | B105: ='FOUND DATA'!X108 -> END | C105: ='FOUND DATA'!Y108 -> END

Sheet YDataImport - GRADERANK
A1: ='FOUND DATA'!Z4 -> F | B1: ='FOUND DATA'!AA4 -> D | C1: ='FOUND DATA'!AB4 -> C | D1: ='FOUND DATA'!AC4 -> B | E1: ='FOUND DATA'!AD4 -> A
A2: ='FOUND DATA'!Z5 -> 1 | B2: ='FOUND DATA'!AA5 -> 2 | C2: ='FOUND DATA'!AB5 -> 3 | D2: ='FOUND DATA'!AC5 -> 4 | E2: ='FOUND DATA'!AD5 -> 5
A3: ='FOUND DATA'!Z6 -> 1 | B3: ='FOUND DATA'!AA6 -> 2 | C3: ='FOUND DATA'!AB6 -> 3 | D3: ='FOUND DATA'!AC6 -> 5 | E3: ='FOUND DATA'!AD6 -> 4
A4: ='FOUND DATA'!Z7 -> 1 | B4: ='FOUND DATA'!AA7 -> 2 | C4: ='FOUND DATA'!AB7 -> 3 | D4: ='FOUND DATA'!AC7 -> 5 | E4: ='FOUND DATA'!AD7 -> 4
A5: ='FOUND DATA'!Z8 -> 1 | B5: ='FOUND DATA'!AA8 -> 2 | C5: ='FOUND DATA'!AB8 -> 3 | D5: ='FOUND DATA'!AC8 -> 5 | E5: ='FOUND DATA'!AD8 -> 4
A6: ='FOUND DATA'!Z9 -> 2 | B6: ='FOUND DATA'!AA9 -> 1 | C6: ='FOUND DATA'!AB9 -> 4 | D6: ='FOUND DATA'!AC9 -> 5 | E6: ='FOUND DATA'!AD9 -> 3
A7: ='FOUND DATA'!Z10 -> 2 | B7: ='FOUND DATA'!AA10 -> 1 | C7: ='FOUND DATA'!AB10 -> 3 | D7: ='FOUND DATA'!AC10 -> 5 | E7: ='FOUND DATA'!AD10 -> 4
A8: ='FOUND DATA'!Z11 -> 1 | B8: ='FOUND DATA'!AA11 -> 2 | C8: ='FOUND DATA'!AB11 -> 3 | D8: ='FOUND DATA'!AC11 -> 5 | E8: ='FOUND DATA'!AD11 -> 4
A9: ='FOUND DATA'!Z12 -> 2 | B9: ='FOUND DATA'!AA12 -> 1 | C9: ='FOUND DATA'!AB12 -> 3 | D9: ='FOUND DATA'!AC12 -> 5 | E9: ='FOUND DATA'!AD12 -> 4
A10: ='FOUND DATA'!Z13 -> 1 | B10: ='FOUND DATA'!AA13 -> 1 | C10: ='FOUND DATA'!AB13 -> 3 | D10: ='FOUND DATA'!AC13 -> 4 | E10: ='FOUND DATA'!AD13 -> 5
A11: ='FOUND DATA'!Z14 -> 2 | B11: ='FOUND DATA'!AA14 -> 1 | C11: ='FOUND DATA'!AB14 -> 3 | D11: ='FOUND DATA'!AC14 -> 4 | E11: ='FOUND DATA'!AD14 -> 5
A12: ='FOUND DATA'!Z15 -> 2 | B12: ='FOUND DATA'!AA15 -> 1 | C12: ='FOUND DATA'!AB15 -> 3 | D12: ='FOUND DATA'!AC15 -> 5 | E12: ='FOUND DATA'!AD15 -> 4
... A105: ='FOUND DATA'!Z108 -> END | B105: ='FOUND DATA'!AA108 -> END | C105: ='FOUND DATA'!AB108 -> END | D105: ='FOUND DATA'!AC108 -> END | E105: ='FOUND DATA'!AD108 -> END

Sheet FOUND DATA - AVERAGE GRADES
A1: IF YOU HAVE A COURSE THAT YOU CAN NOT FIND THE SYLLABUS FOR, PLEASE ADD IT TO THE OTHER SHEET
B2: BLUE - UD | C2: ORANGE - UT | D2: RED - UWM
B3: FEATURES | N3: OUTPUTS (% Of Students in Each Bucket) | T3: "Average Grade" | U3: *the average grade in the class is estimated by assuming A to be a 95, B is an 85, C is 75, D is a 65, and F is a 30
A4: Course Code | B4: # HWs | C4: HW Weight | D4: # Project Assignments | E4: Project Weight | F4: # Final exam | G4: Final Weight | H4: # Other Exams | I4: Exam Weight | J4: # Quizzes | K4: Quiz Weight | L4: Attend/Misc Weight | M4: TOTAL SUM (CHECK THAT IT'S 1) | N4: Class F | O4: Class D | P4: Class C | Q4: Class B | R4: Class A | S4: TOTAL SUM % (CHECK THAT IT'S 100%)
A5: EGGG101 - Intro Engineering | B5: 5 | C5: 0.2 | D5: 10 | E5: 0.6 | F5: 0 | G5: 0 | H5: 0 | I5: 0 | J5: 30 | K5: 0.2 | L5: 0 | M5: =sum(C5+E5+G5+I5+K5+L5) -> 1 | N5: 0.48 | O5: 1.58 | P5: 4.11 | Q5: 15.03 | R5: 78.8 | S5: =SUM(N5:R5) -> 100 | T5: =N5*0.3+O5*0.65+P5*0.75+Q5*0.85+R5*0.95 -> 91.889
A6: MEEG332 - 18S - Fluids 2 | B6: 8 | C6: 0.32 | D6: 4 | E6: 0.16 | F6: 1 | G6: 0.2 | H6: 0 | I6: 0 | J6: 4 | K6: 0.32 | L6: 0 | M6: =sum(C6+E6+G6+I6+K6+L6) -> 1 | N6: 1.2 | O6: 4.82 | P6: 19.28 | Q6: 39.76 | R6: 34.94 | S6: =SUM(N6:R6) -> 100 | T6: =N6*0.3+O6*0.65+P6*0.75+Q6*0.85+R6*0.95 -> 84.942
A7: MEEG332 - 17S - Fluids 2 | B7: 8 | C7: 0.32 | D7: 4 | E7: 0.16 | F7: 1 | G7: 0.2 | H7: 0 | I7: 0 | J7: 4 | K7: 0.32 | L7: 0 | M7: =sum(C7+E7+G7+I7+K7+L7) -> 1 | N7: 0 | O7: 5.97 | P7: 16.42 | Q7: 41.79 | R7: 35.82 | S7: =SUM(N7:R7) -> 100 | T7: =N7*0.3+O7*0.65+P7*0.75+Q7*0.85+R7*0.95 -> 85.746
A8: MEEG331 - 23F - Fluids 1 | B8: 8 | C8: 0.3 | D8: 6 | E8: 0.2 | F8: 0 | G8: 0 | H8: 3 | I8: 0.45 | J8: 0 | K8: 0 | L8: 0.05 | M8: =sum(C8+E8+G8+I8+K8+L8) -> 1 | N8: 3.17 | O8: 6.35 | P8: 16.67 | Q8: 48.41 | R8: 25.4 | S8: =SUM(N8:R8) -> 100 | T8: =N8*0.3+O8*0.65+P8*0.75+Q8*0.85+R8*0.95 -> 82.8595
A9: MEEG331 - 22F - Fluids 1 | B9: 16 | C9: 0.5 | D9: 6 | E9: 0.2 | F9: 0 | G9: 0 | H9: 3 | I9: 0.3 | J9: 0 | K9: 0 | L9: 0 | M9: =sum(C9+E9+G9+I9+K9+L9) -> 1 | N9: 2.76 | O9: 2.07 | P9: 32.41 | Q9: 45.52 | R9: 17.24 | S9: =SUM(N9:R9) -> 100 | T9: =N9*0.3+O9*0.65+P9*0.75+Q9*0.85+R9*0.95 -> 81.551
A10: MEEG331 - 21F - Fluids 1 | B10: 9 | C10: 0.36 | D10: 0 | E10: 0 | F10: 0 | G10: 0 | H10: 4 | I10: 0.48 | J10: 35 | K10: 0.16 | L10: 0 | M10: =sum(C10+E10+G10+I10+K10+L10) -> 1 | N10: 2.18 | O10: 3.65 | P10: 18.25 | Q10: 40.88 | R10: 35.04 | S10: =SUM(N10:R10) -> 100 | T10: =N10*0.3+O10*0.65+P10*0.75+Q10*0.85+R10*0.95 -> 84.75
A11: MEEG210 - 19F - Statics | B11: 11 | C11: 0.25 | D11: 5 | E11: 0.15 | F11: 1 | G11: 0.2 | H11: 3 | I11: 0.3 | J11: 0 | K11: 0 | L11: 0.1 | M11: =sum(C11+E11+G11+I11+K11+L11) -> 1 | N11: 4.22 | O11: 6.63 | P11: 19.88 | Q11: 35.54 | R11: 33.73 | S11: =SUM(N11:R11) -> 100 | T11: =N11*0.3+O11*0.65+P11*0.75+Q11*0.85+R11*0.95 -> 82.738
A12: MEEG210 - 20F - Statics | B12: 11 | C12: 0.25 | D12: 4 | E12: 0.15 | F12: 1 | G12: 0.2 | H12: 3 | I12: 0.3 | J12: 24 | K12: 0.1 | L12: 0 | M12: =sum(C12+E12+G12+I12+K12+L12) -> 1 | N12: 3.9 | O12: 6.49 | P12: 23.38 | Q12: 35.71 | R12: 30.52 | S12: =SUM(N12:R12) -> 100 | T12: =N12*0.3+O12*0.65+P12*0.75+Q12*0.85+R12*0.95 -> 82.271
A13: MEEG210 - 21F - Statics | B13: 10 | C13: 0.25 | D13: 9 | E13: 0.15 | F13: 1 | G13: 0.2 | H13: 3 | I13: 0.3 | J13: 25 | K13: 0.1 | L13: 0 | M13: =sum(C13+E13+G13+I13+K13+L13) -> 1 | N13: 4 | O13: 7.33 | P13: 12.67 | Q13: 35.33 | R13: 40.67 | S13: =SUM(N13:R13) -> 100 | T13: =N13*0.3+O13*0.65+P13*0.75+Q13*0.85+R13*0.95 -> 84.134
A14: MEEG210 - 22F - Statics | B14: 10 | C14: 0.25 | D14: 6 | E14: 0.15 | F14: 1 | G14: 0.2 | H14: 3 | I14: 0.3 | J14: 24 | K14: 0.1 | L14: 0 | M14: =sum(C14+E14+G14+I14+K14+L14) -> 1 | N14: 3.76 | O14: 2.26 | P14: 11.28 | Q14: 36.84 | R14: 45.86 | S14: =SUM(N14:R14) -> 100 | T14: =N14*0.3+O14*0.65+P14*0.75+Q14*0.85+R14*0.95 -> 85.938
A15: MEEG211 - 23S - Dynamics | B15: 10 | C15: 0.25 | D15: 1 | E15: 0.1 | F15: 1 | G15: 0.2 | H15: 3 | I15: 0.3 | J15: 24 | K15: 0.15 | L15: 0 | M15: =sum(C15+E15+G15+I15+K15+L15) -> 1 | N15: 0 | O15: 0.79 | P15: 18.11 | Q15: 42.52 | R15: 38.58 | S15: =SUM(N15:R15) -> 100 | T15: =N15*0.3+O15*0.65+P15*0.75+Q15*0.85+R15*0.95 -> 86.889
A16: MEEG211 - 24S - Dynamics | B16: 10 | C16: 0.25 | D16: 1 | E16: 0.1 | F16: 1 | G16: 0.2 | H16: 3 | I16: 0.3 | J16: 28 | K16: 0.15 | L16: 0 | M16: =sum(C16+E16+G16+I16+K16+L16) -> 1 | N16: 3.1 | O16: 3.1 | P16: 13.18 | Q16: 40.31 | R16: 40.31 | S16: =SUM(N16:R16) -> 100 | T16: =N16*0.3+O16*0.65+P16*0.75+Q16*0.85+R16*0.95 -> 85.388
... A19: MATH - Rakesh | B19: 4 | C19: 0.2 | D19: 0 | E19: 0 | F19: 0 | G19: 0 | H19: 4 | I19: 0.8 | J19: 0 | K19: 0 | L19: 0 | M19: =sum(C19+E19+G19+I19+K19+L19) -> 1 | N19: 7.15 | O19: 0 | P19: 28.57 | Q19: 28.57 | R19: 35.71 | S19: =SUM(N19:R19) -> 100 | T19: =N19*0.3+O19*0.65+P19*0.75+Q19*0.85+R19*0.95 -> 81.7815
A20: MATH C1 - MADHUKA | B20: 6 | C20: 0.15 | D20: 0 | E20: 0 | F20: 1 | G20: 0.25 | H20: 2 | I20: 0.4 | J20: 3 | K20: 0.15 | L20: 0.05 | M20: =SUM(L20,K20,I20,G20,E20,C20) -> 1 | N20: 6.9 | O20: 3.45 | P20: 6.9 | Q20: 37.93 | R20: 44.82 | S20: =SUM(N20:R20) -> 100 | T20: =N20*0.3+O20*0.65+P20*0.75+Q20*0.85+R20*0.95 -> 84.307
A21: MATH C2 - MADHUKA | B21: 6 | C21: 0.15 | D21: 0 | E21: 0 | F21: 1 | G21: 0.25 | H21: 2 | I21: 0.4 | J21: 3 | K21: 0.15 | L21: 0.05 | M21: =SUM(L21,K21,I21,G21,E21,C21) -> 1 | N21: 1.72 | O21: 1.72 | P21: 13.79 | Q21: 31.03 | R21: 51.74 | S21: =SUM(N21:R21) -> 100 | T21: =N21*0.3+O21*0.65+P21*0.75+Q21*0.85+R21*0.95 -> 87.505
A22: ME266K - 2014 Fall | B22: 0 | C22: 0 | D22: 11 | E22: 0.95 | F22: 0 | G22: 0 | H22: 0 | I22: 0 | J22: 0 | K22: 0 | L22: 0.05 | M22: =sum(C22+E22+G22+I22+K22+L22) -> 1 | N22: 0 | O22: 0 | P22: 0 | Q22: 37.04 | R22: 62.96 | S22: =SUM(N22:R22) -> 100 | T22: =N22*0.3+O22*0.65+P22*0.75+Q22*0.85+R22*0.95 -> 91.296
A23: ME374F - 2014 Fall | B23: 11 | C23: 0.25 | D23: 1 | E23: 0.2 | F23: 0 | G23: 0 | H23: 2 | I23: 0.5 | J23: 0 | K23: 0 | L23: 0.05 | M23: =sum(C23+E23+G23+I23+K23+L23) -> 1 | N23: 0 | O23: 0 | P23: 0 | Q23: 63.64 | R23: 36.36 | S23: =SUM(N23:R23) -> 100 | T23: =N23*0.3+O23*0.65+P23*0.75+Q23*0.85+R23*0.95 -> 88.636
A24: ME279M - 2014 Fall | B24: 0 | C24: 0 | D24: 3 | E24: 0.84 | F24: 0 | G24: 0 | H24: 0 | I24: 0 | J24: 0 | K24: 0 | L24: 0.16 | M24: =sum(C24+E24+G24+I24+K24+L24) -> 1 | N24: 0 | O24: 0 | P24: 0 | Q24: 11.11 | R24: 88.89 | S24: =SUM(N24:R24) -> 100 | T24: =N24*0.3+O24*0.65+P24*0.75+Q24*0.85+R24*0.95 -> 93.889
A25: ME326 - 2014 Fall | B25: 14 | C25: 0.1 | D25: 0 | E25: 0 | F25: 1 | G25: 0.3 | H25: 3 | I25: 0.5 | J25: 14 | K25: 0.1 | L25: 0 | M25: =sum(C25+E25+G25+I25+K25+L25) -> 1 | N25: 0.95 | O25: 0.47 | P25: 3.32 | Q25: 15.64 | R25: 79.62 | S25: =SUM(N25:R25) -> 100 | T25: =N25*0.3+O25*0.65+P25*0.75+Q25*0.85+R25*0.95 -> 92.0135
A26: ME359 - 2014 Fall | B26: 10 | C26: 0.15 | D26: 0 | E26: 0 | F26: 1 | G26: 0.3 | H26: 2 | I26: 0.4 | J26: 0 | K26: 0 | L26: 0.15 | M26: =sum(C26+E26+G26+I26+K26+L26) -> 1 | N26: 0 | O26: 0 | P26: 17.39 | Q26: 34.78 | R26: 47.83 | S26: =SUM(N26:R26) -> 100 | T26: =N26*0.3+O26*0.65+P26*0.75+Q26*0.85+R26*0.95 -> 88.044
A27: ME359 - 2015 Spring | B27: 10 | C27: 0.15 | D27: 0 | E27: 0 | F27: 1 | G27: 0.3 | H27: 2 | I27: 0.4 | J27: 0 | K27: 0 | L27: 0.15 | M27: =sum(C27+E27+G27+I27+K27+L27) -> 1 | N27: 0 | O27: 0 | P27: 5.41 | Q27: 37.84 | R27: 56.75 | S27: =SUM(N27:R27) -> 100 | T27: =N27*0.3+O27*0.65+P27*0.75+Q27*0.85+R27*0.95 -> 90.134
A28: ME330 - 2015 Spring - SCHNEIDER | B28: 11 | C28: 0.15 | D28: 0 | E28: 0 | F28: 1 | G28: 0.2125 | H28: 3 | I28: 0.6375 | J28: 0 | K28: 0 | L28: 0 | M28: =sum(C28+E28+G28+I28+K28+L28) -> 1 | N28: 0 | O28: 0 | P28: 26.67 | Q28: 60 | R28: 13.33 | S28: =SUM(N28:R28) -> 100 | T28: =N28*0.3+O28*0.65+P28*0.75+Q28*0.85+R28*0.95 -> 83.666
A29: ME340 - 2015 Spring | B29: 11 | C29: 0.5 | D29: 0 | E29: 0 | F29: 0 | G29: 0 | H29: 3 | I29: 0.5 | J29: 0 | K29: 0 | L29: 0 | M29: =sum(C29+E29+G29+I29+K29+L29) -> 1 | N29: 1.31 | O29: 0 | P29: 1.96 | Q29: 11.76 | R29: 84.97 | S29: =SUM(N29:R29) -> 100 | T29: =N29*0.3+O29*0.65+P29*0.75+Q29*0.85+R29*0.95 -> 92.5805
A30: ME338 - 2015 Spring | B30: 14 | C30: 0.1 | D30: 2 | E30: 0.15 | F30: 1 | G30: 0.35 | H30: 1 | I30: 0.2 | J30: 4 | K30: 0.15 | L30: 0.05 | M30: =sum(C30+E30+G30+I30+K30+L30) -> 1 | N30: 0.71 | O30: 0 | P30: 13.57 | Q30: 51.43 | R30: 34.29 | S30: =SUM(N30:R30) -> 100 | T30: =N30*0.3+O30*0.65+P30*0.75+Q30*0.85+R30*0.95 -> 86.6815
A31: CHE210 - 2018 Spring | B31: 13 | C31: 0.1 | D31: 0 | E31: 0 | F31: 1 | G31: 0.25 | H31: 2 | I31: 0.4 | J31: 15 | K31: 0.15 | L31: 0.1 | M31: =sum(C31+E31+G31+I31+K31+L31) -> 1 | N31: 2.74 | O31: 5.48 | P31: 41.1 | Q31: 35.62 | R31: 15.06 | S31: =SUM(N31:R31) -> 100 | T31: =N31*0.3+O31*0.65+P31*0.75+Q31*0.85+R31*0.95 -> 79.793
A32: CHE319 - 2018 Spring | B32: 0 | C32: 0 | D32: 0 | E32: 0 | F32: 1 | G32: 0.2 | H32: 3 | I32: 0.55 | J32: 15 | K32: 0.15 | L32: 0.1 | M32: =sum(C32+E32+G32+I32+K32+L32) -> 1 | N32: 1.56 | O32: 10.94 | P32: 18.75 | Q32: 42.19 | R32: 26.56 | S32: =SUM(N32:R32) -> 100 | T32: =N32*0.3+O32*0.65+P32*0.75+Q32*0.85+R32*0.95 -> 82.735
A33: CHE360 - 2018 Spring - M. BALDEA | B33: 12 | C33: 0.05 | D33: 0 | E33: 0 | F33: 0 | G33: 0 | H33: 3 | I33: 0.8 | J33: 15 | K33: 0.15 | L33: 0 | M33: =sum(C33+E33+G33+I33+K33+L33) -> 1 | N33: 1.39 | O33: 11.11 | P33: 33.33 | Q33: 36.11 | R33: 18.06 | S33: =SUM(N33:R33) -> 100 | T33: =N33*0.3+O33*0.65+P33*0.75+Q33*0.85+R33*0.95 -> 80.4865
A34: CHE360 - 2018 Spring - T. EDISON | B34: 10 | C34: 0.19 | D34: 0 | E34: 0 | F34: 0 | G34: 0 | H34: 3 | I34: 0.6 | J34: 7 | K34: 0.21 | L34: 0 | M34: =sum(C34+E34+G34+I34+K34+L34) -> 1 | N34: 1.96 | O34: 1.96 | P34: 3.92 | Q34: 23.53 | R34: 68.63 | S34: =SUM(N34:R34) -> 100 | T34: =N34*0.3+O34*0.65+P34*0.75+Q34*0.85+R34*0.95 -> 90.001
A35: CE341 - 16S - M. KIRISITS | B35: 8 | C35: 0.08 | D35: 1 | E35: 0.15 | F35: 1 | G35: 0.3 | H35: 2 | I35: 0.44 | J35: 0 | K35: 0 | L35: 0.03 | M35: =SUM(C35,E35,G35,I35,K35,L35) -> 1 | N35: 0 | O35: 11.37 | P35: 9.09 | Q35: 36.36 | R35: 43.18 | S35: =SUM(N35:R35) -> 100 | T35: =N35*0.3+O35*0.65+P35*0.75+Q35*0.85+R35*0.95 -> 86.135
A36: CE329 - 16S | B36: 13 | C36: 0.27 | D36: 0 | E36: 0 | F36: 1 | G36: 0.3 | H36: 2 | I36: 0.38 | J36: 0 | K36: 0 | L36: 0.05 | M36: =sum(C36+E36+G36+I36+K36+L36) -> 1 | N36: 3.57 | O36: 3.57 | P36: 17.86 | Q36: 32.14 | R36: 42.86 | S36: =SUM(N36:R36) -> 100 | T36: =N36*0.3+O36*0.65+P36*0.75+Q36*0.85+R36*0.95 -> 84.8225
A37: COE347 - 18S Bisetti Sec 12875 | B37: 12 | C37: 0.4 | D37: 2 | E37: 0.3 | F37: 0 | G37: 0 | H37: 2 | I37: 0.3 | J37: 0 | K37: 0 | L37: 0 | M37: =sum(C37+E37+G37+I37+K37+L37) -> 1 | N37: 0 | O37: =100*1/24 -> 4.1666667 | P37: 0 | Q37: =100*10/24 -> 41.666667 | R37: =100*13/24 -> 54.166667 | S37: =SUM(N37:R37) -> 100 | T37: =N37*0.3+O37*0.65+P37*0.75+Q37*0.85+R37*0.95 -> 89.583333
A38: COE311K - 23F - Loveland Sec 15065 | B38: 5 | C38: 0.5 | D38: 0 | E38: 0 | F38: 0 | G38: 0 | H38: 2 | I38: 0.5 | J38: 0 | K38: 0 | L38: 0 | M38: =sum(C38+E38+G38+I38+K38+L38) -> 1 | N38: =100*1/(36+14+11+1) -> 1.6129032 | O38: =100*0/(36+14+11+1) -> 0 | P38: =100*11/(36+14+11+1) -> 17.741935 | Q38: =100*14/(36+14+11+1) -> 22.580645 | R38: =100*36/(36+14+11+1) -> 58.064516 | S38: =SUM(N38:R38) -> 100 | T38: =N38*0.3+O38*0.65+P38*0.75+Q38*0.85+R38*0.95 -> 88.145161
A39: COE322 - 23F | B39: 21 | C39: 0.7 | D39: 1 | E39: 0.3 | F39: 0 | G39: 0 | H39: 0 | I39: 0 | J39: 0 | K39: 0 | L39: 0 | M39: =sum(C39+E39+G39+I39+K39+L39) -> 1 | N39: 3.77 | O39: 1.89 | P39: 3.77 | Q39: 15.09 | R39: 75.48 | S39: =SUM(N39:R39) -> 100 | T39: =N39*0.3+O39*0.65+P39*0.75+Q39*0.85+R39*0.95 -> 89.7195
A40: CS303 - 22F - 001 | B40: 15 | C40: 0.15 | D40: 3 | E40: 0.3 | F40: 1 | G40: 0.2 | H40: 1 | I40: 0.2 | J40: 6 | K40: 0.15 | L40: 0 | M40: =sum(C40+E40+G40+I40+K40+L40) -> 1 | N40: 5.37 | O40: 5.37 | P40: 8.72 | Q40: 26.85 | R40: 53.69 | S40: =SUM(N40:R40) -> 100 | T40: =N40*0.3+O40*0.65+P40*0.75+Q40*0.85+R40*0.95 -> 85.4695
A41: CS303 - 22F - 002 | B41: 15 | C41: 0.15 | D41: 3 | E41: 0.3 | F41: 1 | G41: 0.2 | H41: 1 | I41: 0.2 | J41: 6 | K41: 0.15 | L41: 0 | M41: =sum(C41+E41+G41+I41+K41+L41) -> 1 | N41: 3.21 | O41: 1.92 | P41: 10.9 | Q41: 26.28 | R41: 57.69 | S41: =SUM(N41:R41) -> 100 | T41: =N41*0.3+O41*0.65+P41*0.75+Q41*0.85+R41*0.95 -> 87.5295
A42: CS303 - 22F - 003 | B42: 15 | C42: 0.15 | D42: 3 | E42: 0.3 | F42: 1 | G42: 0.2 | H42: 1 | I42: 0.2 | J42: 6 | K42: 0.15 | L42: 0 | M42: =sum(C42+E42+G42+I42+K42+L42) -> 1 | N42: 6.54 | O42: 2.61 | P42: 15.03 | Q42: 17.65 | R42: 58.17 | S42: =SUM(N42:R42) -> 100 | T42: =N42*0.3+O42*0.65+P42*0.75+Q42*0.85+R42*0.95 -> 85.195
A43: CS314 HONORS - 22F | B43: 7 | C43: 0.5 | D43: 0 | E43: 0 | F43: 1 | G43: 0.3 | H43: 1 | I43: 0.2 | J43: 0 | K43: 0 | L43: 0 | M43: =sum(C43+E43+G43+I43+K43+L43) -> 1 | N43: 0 | O43: 2.5 | P43: 7.5 | Q43: 40 | R43: 50 | S43: =SUM(N43:R43) -> 100 | T43: =N43*0.3+O43*0.65+P43*0.75+Q43*0.85+R43*0.95 -> 88.75
A44: CS314 HONORS - 23F | B44: 7 | C44: 0.55 | D44: 0 | E44: 0 | F44: 0 | G44: 0 | H44: 2 | I44: 0.45 | J44: 0 | K44: 0 | L44: 0 | M44: =sum(C44+E44+G44+I44+K44+L44) -> 1 | N44: 0 | O44: 0 | P44: 18.18 | Q44: 36.37 | R44: 45.45 | S44: =SUM(N44:R44) -> 100 | T44: =N44*0.3+O44*0.65+P44*0.75+Q44*0.85+R44*0.95 -> 87.727
A45: CS314 - 23F | B45: 11 | C45: 0.22 | D45: 0 | E45: 0 | F45: 1 | G45: 0.24 | H45: 2 | I45: 0.49 | J45: 10 | K45: 0.05 | L45: 0 | M45: =sum(C45+E45+G45+I45+K45+L45) -> 1 | N45: 2.42 | O45: 5.14 | P45: 18.72 | Q45: 35.35 | R45: 38.37 | S45: =SUM(N45:R45) -> 100 | T45: =N45*0.3+O45*0.65+P45*0.75+Q45*0.85+R45*0.95 -> 84.606
A46: ECE381V - 21F Wang Sec 17035 | B46: 0 | C46: 0 | D46: 4 | E46: 0.6 | F46: 0 | G46: 0 | H46: 0 | I46: 0 | J46: 3 | K46: 0.3 | L46: 0.1 | M46: =sum(C46+E46+G46+I46+K46+L46) -> 1 | N46: 0 | O46: 0 | P46: 0 | Q46: =100/28 -> 3.5714286 | R46: =100*27/28 -> 96.428571 | S46: =SUM(N46:R46) -> 100 | T46: =N46*0.3+O46*0.65+P46*0.75+Q46*0.85+R46*0.95 -> 94.642857
A47: ECE381V - 21F Harwath Sec 17055 | B47: 11 | C47: 0.6 | D47: 1 | E47: 0.4 | F47: 0 | G47: 0 | H47: 0 | I47: 0 | J47: 0 | K47: 0 | L47: 0 | M47: =sum(C47+E47+G47+I47+K47+L47) -> 1 | N47: 0 | O47: 0 | P47: =1/8*100 -> 12.5 | Q47: =1/8*100 -> 12.5 | R47: =6/8*100 -> 75 | S47: =SUM(N47:R47) -> 100 | T47: =N47*0.3+O47*0.65+P47*0.75+Q47*0.85+R47*0.95 -> 91.25
A48: ECE382N - 21 F Swartzlander Sec 17115 | B48: 15 | C48: 0.05 | D48: 1 | E48: 0.35 | F48: 0 | G48: 0 | H48: 3 | I48: 0.6 | J48: 0 | K48: 0 | L48: 0 | M48: =sum(C48+E48+G48+I48+K48+L48) -> 1 | N48: 0 | O48: 0 | P48: =100/48 -> 2.0833333 | Q48: =100*6/48 -> 12.5 | R48: =100*41/48 -> 85.416667 | S48: =SUM(N48:R48) -> 100 | T48: =N48*0.3+O48*0.65+P48*0.75+Q48*0.85+R48*0.95 -> 93.333333
A49: ECE313 - 23F - A. MOKHTARI | B49: 13 | C49: 0.25 | D49: 0 | E49: 0 | F49: 1 | G49: 0.35 | H49: 2 | I49: 0.4 | J49: 0 | K49: 0 | L49: 0 | M49: =sum(C49+E49+G49+I49+K49+L49) -> 1 | N49: 6.06 | O49: 18.18 | P49: 24.24 | Q49: 18.18 | R49: 33.34 | S49: =SUM(N49:R49) -> 100 | T49: =N49*0.3+O49*0.65+P49*0.75+Q49*0.85+R49*0.95 -> 78.941
A50: ECE313 - 23F - A. CUEVAS | B50: 14 | C50: 0.15 | D50: 0 | E50: 0 | F50: 1 | G50: 0.25 | H50: 2 | I50: 0.45 | J50: 42 | K50: 0.1 | L50: 0.05 | M50: =sum(C50+E50+G50+I50+K50+L50) -> 1 | N50: 6.45 | O50: 0 | P50: 22.58 | Q50: 48.39 | R50: 22.58 | S50: =SUM(N50:R50) -> 100 | T50: =N50*0.3+O50*0.65+P50*0.75+Q50*0.85+R50*0.95 -> 81.4525
A51: ME338 - 14F | B51: 6 | C51: 0.15 | D51: 5 | E51: 0.3 | F51: 0 | G51: 0 | H51: 3 | I51: 0.45 | J51: 26 | K51: 0.1 | L51: 0 | M51: =sum(C51+E51+G51+I51+K51+L51) -> 1 | N51: 0 | O51: 0 | P51: 0.95 | Q51: 23.81 | R51: 75.24 | S51: =SUM(N51:R51) -> 100 | T51: =N51*0.3+O51*0.65+P51*0.75+Q51*0.85+R51*0.95 -> 92.429
A52: ME344 - 16S | B52: 17 | C52: 0.15 | D52: 0 | E52: 0 | F52: 1 | G52: 0.3 | H52: 2 | I52: 0.5 | J52: 0 | K52: 0 | L52: 0.05 | M52: =sum(C52+E52+G52+I52+K52+L52) -> 1 | N52: 0 | O52: 6.67 | P52: 46.66 | Q52: 10 | R52: 36.67 | S52: =SUM(N52:R52) -> 100 | T52: =N52*0.3+O52*0.65+P52*0.75+Q52*0.85+R52*0.95 -> 82.667
A53: ME374C - 16S Combustion Engine Processes | B53: 8 | C53: 0.3 | D53: 0 | E53: 0 | F53: 1 | G53: 0.3 | H53: 2 | I53: 0.4 | J53: 0 | K53: 0 | L53: 0 | M53: =sum(C53+E53+G53+I53+K53+L53) -> 1 | N53: 0 | O53: =1/(16+8+5+1)*100 -> 3.3333333 | P53: =5/(16+8+5+1)*100 -> 16.666667 | Q53: =8/(16+8+5+1)*100 -> 26.666667 | R53: =16/(16+8+5+1)*100 -> 53.333333 | S53: =SUM(N53:R53) -> 100 | T53: =N53*0.3+O53*0.65+P53*0.75+Q53*0.85+R53*0.95 -> 88
A54: ME334 - 16S - Y. ZHENG | B54: 7 | C54: 0.1 | D54: 0 | E54: 0 | F54: 1 | G54: 0.45 | H54: 2 | I54: 0.4 | J54: 0 | K54: 0 | L54: 0.05 | M54: =sum(C54+E54+G54+I54+K54+L54) -> 1 | N54: 4 | O54: 4 | P54: 14 | Q54: 38 | R54: 40 | S54: =SUM(N54:R54) -> 100 | T54: =N54*0.3+O54*0.65+P54*0.75+Q54*0.85+R54*0.95 -> 84.6
A55: ME354 - 16S | B55: 12 | C55: 0.65 | D55: 3 | E55: 0.15 | F55: 0 | G55: 0 | H55: 0 | I55: 0 | J55: 29 | K55: 0.2 | L55: 0 | M55: =sum(C55+E55+G55+I55+K55+L55) -> 1 | N55: 0 | O55: 0 | P55: 0 | Q55: 9.52 | R55: 90.48 | S55: =SUM(N55:R55) -> 100 | T55: =N55*0.3+O55*0.65+P55*0.75+Q55*0.85+R55*0.95 -> 94.048
A56: ME344 - 16S - Chen Sec 18080/18085 | B56: 7 | C56: 0.15 | D56: 0 | E56: 0 | F56: 1 | G56: 0.35 | H56: 0 | I56: 0 | J56: 2 | K56: 0.5 | L56: 0 | M56: =sum(C56+E56+G56+I56+K56+L56) -> 1 | N56: =(0+1)/(15+16+8+10+21+8+1)*100 -> 1.2658228 | O56: =(0+0)/(15+16+8+10+21+8+1)*100 -> 0 | P56: =(8+8)/(15+16+8+10+21+8+1)*100 -> 20.253165 | Q56: =(16+21)/(15+16+8+10+21+8+1)*100 -> 46.835443 | R56: =(15+10)/(15+16+8+10+21+8+1)*100 -> 31.64557 | S56: =SUM(N56:R56) -> 100 | T56: =N56*0.3+O56*0.65+P56*0.75+Q56*0.85+R56*0.95 -> 85.443038
A57: ME344 - 16S - Moon Sec 18075 | B57: 12 | C57: 0.15 | D57: 0 | E57: 0 | F57: 1 | G57: 0.3 | H57: 2 | I57: 0.5 | J57: 0 | K57: 0 | L57: 0.05 | M57: =sum(C57+E57+G57+I57+K57+L57) -> 1 | N57: 0 | O57: =2/(11+3+14+2)*100 -> 6.6666667 | P57: =14/(11+3+14+2)*100 -> 46.666667 | Q57: =3/(11+3+14+2)*100 -> 10 | R57: =11/(11+3+14+2)*100 -> 36.666667 | S57: =SUM(N57:R57) -> 100 | T57: =N57*0.3+O57*0.65+P57*0.75+Q57*0.85+R57*0.95 -> 82.666667
A58: ME330 - 16F | B58: 12 | C58: 0.2 | D58: 0 | E58: 0 | F58: 1 | G58: 0.4 | H58: 2 | I58: 0.4 | J58: 0 | K58: 0 | L58: 0 | M58: =sum(C58+E58+G58+I58+K58+L58) -> 1 | N58: 1.83 | O58: 1.83 | P58: 30.28 | Q58: 38.53 | R58: 27.53 | S58: =SUM(N58:R58) -> 100 | T58: =N58*0.3+O58*0.65+P58*0.75+Q58*0.85+R58*0.95 -> 83.3525
A59: ME339 - 16F - Vaibhav Bahadur | B59: 9 | C59: 0.1 | D59: 0 | E59: 0 | F59: 1 | G59: 0.4 | H59: 2 | I59: 0.5 | J59: 0 | K59: 0 | L59: 0 | M59: =sum(C59+E59+G59+I59+K59+L59) -> 1 | N59: 0 | O59: 0 | P59: 8.43 | Q59: 42.17 | R59: 49.4 | S59: =SUM(N59:R59) -> 100 | T59: =N59*0.3+O59*0.65+P59*0.75+Q59*0.85+R59*0.95 -> 89.097
A60: ME339 - 16F - Alex Heltzel | B60: 9 | C60: 0.1 | D60: 0 | E60: 0 | F60: 1 | G60: 0.4 | H60: 2 | I60: 0.5 | J60: 0 | K60: 0 | L60: 0 | M60: =sum(C60+E60+G60+I60+K60+L60) -> 1 | N60: 2.25 | O60: 1.12 | P60: 8.99 | Q60: 51.69 | R60: 35.95 | S60: =SUM(N60:R60) -> 100 | T60: =N60*0.3+O60*0.65+P60*0.75+Q60*0.85+R60*0.95 -> 86.2345
A61: ME340 - 16F - Wei Li | B61: 7 | C61: 0.1 | D61: 0 | E61: 0 | F61: 1 | G61: 0.3 | H61: 2 | I61: 0.5 | J61: 5 | K61: 0.1 | L61: 0 | M61: =sum(C61+E61+G61+I61+K61+L61) -> 1 | N61: 0 | O61: 1.41 | P61: 23.94 | Q61: 35.21 | R61: 39.44 | S61: =SUM(N61:R61) -> 100 | T61: =N61*0.3+O61*0.65+P61*0.75+Q61*0.85+R61*0.95 -> 86.268
A62: ME353 - 17F - Sec. 18220 | B62: 10 | C62: 0.2 | D62: 1 | E62: 0.1 | F62: 1 | G62: 0.3 | H62: 2 | I62: 0.35 | J62: 0 | K62: 0 | L62: 0.05 | M62: =sum(C62+E62+G62+I62+K62+L62) -> 1 | N62: 0 | O62: 8.33 | P62: 8.33 | Q62: 58.34 | R62: 25 | S62: =SUM(N62:R62) -> 100 | T62: =N62*0.3+O62*0.65+P62*0.75+Q62*0.85+R62*0.95 -> 85.001
A63: ME353 - 17F - Sec. 18225 | B63: 10 | C63: 0.2 | D63: 1 | E63: 0.1 | F63: 1 | G63: 0.3 | H63: 2 | I63: 0.35 | J63: 0 | K63: 0 | L63: 0.05 | M63: =sum(C63+E63+G63+I63+K63+L63) -> 1 | N63: 0 | O63: 5 | P63: 10 | Q63: 30 | R63: 55 | S63: =SUM(N63:R63) -> 100 | T63: =N63*0.3+O63*0.65+P63*0.75+Q63*0.85+R63*0.95 -> 88.5
A64: ME343 - 17F | B64: 9 | C64: 0.075 | D64: 1 | E64: 0.4 | F64: 0 | G64: 0 | H64: 2 | I64: 0.45 | J64: 12 | K64: 0.075 | L64: 0 | M64: =sum(C64+E64+G64+I64+K64+L64) -> 1 | N64: 0 | O64: 0 | P64: 9.09 | Q64: 50 | R64: 40.91 | S64: =SUM(N64:R64) -> 100 | T64: =N64*0.3+O64*0.65+P64*0.75+Q64*0.85+R64*0.95 -> 88.182
A65: ME310T - 18S Sec 16755 | B65: 13 | C65: 0.2 | D65: 0 | E65: 0 | F65: 1 | G65: 0.35 | H65: 3 | I65: 0.45 | J65: 0 | K65: 0 | L65: 0 | M65: =sum(C65+E65+G65+I65+K65+L65) -> 1 | N65: =100*4/(86+29+17+7+4) -> 2.7972028 | O65: =100*7/(86+29+17+7+4) -> 4.8951049 | P65: =100*17/(86+29+17+7+4) -> 11.888112 | Q65: =100*29/(86+29+17+7+4) -> 20.27972 | R65: =100*86/(86+29+17+7+4) -> 60.13986 | S65: =SUM(N65:R65) -> 100 | T65: =N65*0.3+O65*0.65+P65*0.75+Q65*0.85+R65*0.95 -> 87.307692
A66: ME314D - 18S Sagers Sec 16780/85/90/95 | B66: 0 | C66: 0 | D66: 0 | E66: 0 | F66: 1 | G66: 0.3 | H66: 2 | I66: 0.5 | J66: 12 | K66: 0.2 | L66: 0 | M66: =sum(C66+E66+G66+I66+K66+L66) -> 1 | N66: =100*1/(7+4+8+1+7+11+5+6+12+5+3+14+4+2+1) -> 1.1111111 | O66: =100*(2+1)/(7+4+8+1+7+11+5+6+12+5+3+14+4+2+1) -> 3.3333333 | P66: =100*(8+5+5+4)/(7+4+8+1+7+11+5+6+12+5+3+14+4+2+1) -> 24.444444 | Q66: =100*(4+11+12+14)/(7+4+8+1+7+11+5+6+12+5+3+14+4+2+1) -> 45.555556 | R66: =100*(7+7+6+3)/(7+4+8+1+7+11+5+6+12+5+3+14+4+2+1) -> 25.555556 | S66: =SUM(N66:R66) -> 100 | T66: =N66*0.3+O66*0.65+P66*0.75+Q66*0.85+R66*0.95 -> 83.833333
A67: ME314D - 18S Tao Sec 16760/65/70/75 | B67: 0 | C67: 0 | D67: 0 | E67: 0 | F67: 1 | G67: 0.35 | H67: 2 | I67: 0.5 | J67: 12 | K67: 0.15 | L67: 0 | M67: =sum(C67+E67+G67+I67+K67+L67) -> 1 | N67: 0 | O67: =0 -> 0 | P67: =100*(3+4+1+2)/(17+11+3+11+16+4+10+20+1+6+9+2) -> 9.0909091 | Q67: =100*(11+16+20+9)/(17+11+3+11+16+4+10+20+1+6+9+2) -> 50.909091 | R67: =100*(17+11+10+6)/(17+11+3+11+16+4+10+20+1+6+9+2) -> 40 | S67: =SUM(N67:R67) -> 100 | T67: =N67*0.3+O67*0.65+P67*0.75+Q67*0.85+R67*0.95 -> 88.090909
A68: ME316T - 18S Hall Sec 16805/10/15/20 | B68: 11 | C68: 0.1 | D68: 0 | E68: 0 | F68: 1 | G68: 0.3 | H68: 3 | I68: 0.5 | J68: 9 | K68: 0.1 | L68: 0 | M68: =sum(C68+E68+G68+I68+K68+L68) -> 1 | N68: =100*1/(9+9+13+1+14+7+10+1+1+7+10+15+2+13+8+9+2) -> 0.76335878 | O68: =100*(1+1+2+2)/(9+9+13+1+14+7+10+1+1+7+10+15+2+13+8+9+2) -> 4.5801527 | P68: =100*(13+10+15+9)/(9+9+13+1+14+7+10+1+1+7+10+15+2+13+8+9+2) -> 35.877863 | Q68: =100*(9+7+10+8)/(9+9+13+1+14+7+10+1+1+7+10+15+2+13+8+9+2) -> 25.954198 | R68: =100*(9+14+7+13)/(9+9+13+1+14+7+10+1+1+7+10+15+2+13+8+9+2) -> 32.824427 | S68: =SUM(N68:R68) -> 100 | T68: =N68*0.3+O68*0.65+P68*0.75+Q68*0.85+R68*0.95 -> 83.358779
A69: ME359 - 18F Bourell Sec 18340 | B69: 10 | C69: 0.15 | D69: 0 | E69: 0 | F69: 1 | G69: 0.3 | H69: 2 | I69: 0.4 | J69: 0 | K69: 0 | L69: 0.15 | M69: =sum(C69+E69+G69+I69+K69+L69) -> 1 | N69: 0 | O69: =100*1/(6+15+10+1) -> 3.125 | P69: =10*100/(6+15+10+1) -> 31.25 | Q69: =15*100/(6+15+10+1) -> 46.875 | R69: =6*100/(6+15+10+1) -> 18.75 | S69: =SUM(N69:R69) -> 100 | T69: =N69*0.3+O69*0.65+P69*0.75+Q69*0.85+R69*0.95 -> 83.125
A70: ME344 - 18F Moon Sec 18215/20 | B70: 12 | C70: 0.15 | D70: 0 | E70: 0 | F70: 1 | G70: 0.35 | H70: 2 | I70: 0.5 | J70: 0 | K70: 0 | L70: 0 | M70: =sum(C70+E70+G70+I70+K70+L70) -> 1 | N70: 0 | O70: =100*1/(7+7+10+11+11+14+1) -> 1.6393443 | P70: =100*24/(7+7+10+11+11+14+1) -> 39.344262 | Q70: =100*18/(7+7+10+11+11+14+1) -> 29.508197 | R70: =100*18/(7+7+10+11+11+14+1) -> 29.508197 | S70: =SUM(N70:R70) -> 100 | T70: =N70*0.3+O70*0.65+P70*0.75+Q70*0.85+R70*0.95 -> 83.688525
A71: ME344 - 18F Haberman 18225 | B71: 0 | C71: 0 | D71: 0 | E71: 0 | F71: 1 | G71: 0.3 | H71: 2 | I71: 0.5 | J71: 10 | K71: 0.1 | L71: 0.1 | M71: =sum(C71+E71+G71+I71+K71+L71) -> 1 | N71: 0 | O71: 0 | P71: =300/(54+54+3) -> 2.7027027 | Q71: =5400/(54+54+3) -> 48.648649 | R71: =5400/(54+54+3) -> 48.648649 | S71: =SUM(N71:R71) -> 100 | T71: =N71*0.3+O71*0.65+P71*0.75+Q71*0.85+R71*0.95 -> 89.594595
A72: ME335 - 18F | B72: 12 | C72: 0.1 | D72: 3 | E72: 0.15 | F72: 1 | G72: 0.25 | H72: 2 | I72: 0.4 | J72: 12 | K72: 0.05 | L72: 0.05 | M72: =sum(C72+E72+G72+I72+K72+L72) -> 1 | N72: 0 | O72: 1.17 | P72: 28.24 | Q72: 2.35 | R72: 68.24 | S72: =SUM(N72:R72) -> 100 | T72: =N72*0.3+O72*0.65+P72*0.75+Q72*0.85+R72*0.95 -> 88.766
A73: ME310T - 19S Matthews Sec 17420 | B73: 12 | C73: 0.2 | D73: 0 | E73: 0 | F73: 1 | G73: 0.35 | H73: 3 | I73: 0.45 | J73: 0 | K73: 0 | L73: 0 | M73: =sum(C73+E73+G73+I73+K73+L73) -> 1 | N73: =100/(113+20+9+1) -> 0.6993007 | O73: =100*0/(113+20+9+1) -> 0 | P73: =100*9/(113+20+9+1) -> 6.2937063 | Q73: =100*20/(113+20+9+1) -> 13.986014 | R73: =100*113/(113+20+9+1) -> 79.020979 | S73: =SUM(N73:R73) -> 100 | T73: =N73*0.3+O73*0.65+P73*0.75+Q73*0.85+R73*0.95 -> 91.888112
A74: ME314D - 19S Sagers Sec 17445/50/55 | B74: 0 | C74: 0 | D74: 0 | E74: 0 | F74: 1 | G74: 0.3 | H74: 2 | I74: 0.5 | J74: 12 | K74: 0.2 | L74: 0 | M74: =sum(C74+E74+G74+I74+K74+L74) -> 1 | N74: =100*1/(10+9+6+8+12+8+1+10+12+8+3) -> 1.1494253 | O74: =100*3/(10+9+6+8+12+8+1+10+12+8+3) -> 3.4482759 | P74: =100*(6+8+8)/(10+9+6+8+12+8+1+10+12+8+3) -> 25.287356 | Q74: =100*(9+12+12)/(10+9+6+8+12+8+1+10+12+8+3) -> 37.931034 | R74: =100*(10+8+10)/(10+9+6+8+12+8+1+10+12+8+3) -> 32.183908 | S74: =SUM(N74:R74) -> 100 | T74: =N74*0.3+O74*0.65+P74*0.75+Q74*0.85+R74*0.95 -> 84.367816
A75: ME316T - 19S Hall Sec 17485/80/75/70 | B75: 11 | C75: 0.1 | D75: 0 | E75: 0 | F75: 1 | G75: 0.3 | H75: 3 | I75: 0.5 | J75: 9 | K75: 0.1 | L75: 0 | M75: =sum(C75+E75+G75+I75+K75+L75) -> 1 | N75: =100*4/(10+6+10+2+16+9+6+3+7+16+10+3+16+6+10) -> 3.0769231 | O75: =100*(8)/(10+6+10+2+16+9+6+3+7+16+10+3+16+6+10) -> 6.1538462 | P75: =100*(10+6+9+7)/(10+6+10+2+16+9+6+3+7+16+10+3+16+6+10) -> 24.615385 | Q75: =100*(6+9+16+6)/(10+6+10+2+16+9+6+3+7+16+10+3+16+6+10) -> 28.461538 | R75: =100*(26+7+16)/(10+6+10+2+16+9+6+3+7+16+10+3+16+6+10) -> 37.692308 | S75: =SUM(N75:R75) -> 100 | T75: =N75*0.3+O75*0.65+P75*0.75+Q75*0.85+R75*0.95 -> 83.384615
A76: ME318M - 19S Bryant Sec 17490/500/10/15/20/25 | B76: 21 | C76: 0.4 | D76: 0 | E76: 0 | F76: 0 | G76: 0 | H76: 3 | I76: 0.55 | J76: 0 | K76: 0 | L76: 0.05 | M76: =sum(C76+E76+G76+I76+K76+L76) -> 1 | N76: =100/(15+1+6+20+3+19+2+13+9+2+1+16+5+1+16+3) -> 0.75757576 | O76: =100*0/(15+1+6+20+3+19+2+13+9+2+1+16+5+1+16+3) -> 0 | P76: =100*17/(15+1+6+20+3+19+2+13+9+2+1+16+5+1+16+3) -> 12.878788 | Q76: =100*(1+7+8+9+5+4)/(15+1+6+20+3+19+2+13+9+2+1+16+5+1+16+3) -> 25.757576 | R76: =100*(28+24+28)/(15+1+6+20+3+19+2+13+9+2+1+16+5+1+16+3) -> 60.606061 | S76: =SUM(N76:R76) -> 100 | T76: =N76*0.3+O76*0.65+P76*0.75+Q76*0.85+R76*0.95 -> 89.356061
A77: ME330 - 19S Bahadur Sec 17575 | B77: 9 | C77: 0.1 | D77: 0 | E77: 0 | F77: 1 | G77: 0.4 | H77: 2 | I77: 0.45 | J77: 0 | K77: 0 | L77: 0.05 | M77: =sum(C77+E77+G77+I77+K77+L77) -> 1 | N77: =100*2/(23+14+6+1+2) -> 4.3478261 | O77: =100*1/(23+14+6+1+2) -> 2.173913 | P77: =100*6/(23+14+6+1+2) -> 13.043478 | Q77: =100*14/(23+14+6+1+2) -> 30.434783 | R77: =100*23/(23+14+6+1+2) -> 50 | S77: =SUM(N77:R77) -> 100 | T77: =N77*0.3+O77*0.65+P77*0.75+Q77*0.85+R77*0.95 -> 85.869565
A78: ME335 - 19S Bickel Sec 17795/90/85/80/75/70 | B78: 12 | C78: 0.1 | D78: 3 | E78: 0.15 | F78: 1 | G78: 0.25 | H78: 2 | I78: 0.4 | J78: 12 | K78: 0.05 | L78: 0.05 | M78: =sum(C78+E78+G78+I78+K78+L78) -> 1 | N78: =100*(1)/(9+12+4+7+14+4+21+4+13+12+19+7+24) -> 0.66666667 | O78: =100*(4)/(9+12+4+7+14+4+21+4+13+12+19+7+24) -> 2.6666667 | P78: =100*(21)/(9+12+4+7+14+4+21+4+13+12+19+7+24) -> 14 | Q78: =100*(12+14+19+12+11)/(9+12+4+7+14+4+21+4+13+12+19+7+24) -> 45.333333 | R78: =100*(9+7+11+13+7+9)/(9+12+4+7+14+4+21+4+13+12+19+7+24) -> 37.333333 | S78: =SUM(N78:R78) -> 100 | T78: =N78*0.3+O78*0.65+P78*0.75+Q78*0.85+R78*0.95 -> 86.433333
A79: ME318M - 19S Langsfeld Sec 17590/85/80/75 | B79: 21 | C79: 0.4 | D79: 0 | E79: 0 | F79: 0 | G79: 0 | H79: 3 | I79: 0.55 | J79: 0 | K79: 0 | L79: 0.05 | M79: =sum(C79+E79+G79+I79+K79+L79) -> 1 | N79: =100*1/(14+4+1+22+19+18) -> 1.2820513 | O79: =100*0/(14+4+1+22+19+18) -> 0 | P79: =100*1/(14+4+1+22+19+18) -> 1.2820513 | Q79: =100*7/(14+4+1+22+19+18) -> 8.974359 | R79: =100*(14+21+17+17)/(14+4+1+22+19+18) -> 88.461538 | S79: =SUM(N79:R79) -> 100 | T79: =N79*0.3+O79*0.65+P79*0.75+Q79*0.85+R79*0.95 -> 93.012821
A80: ME310T - 20S | B80: 12 | C80: 0.15 | D80: 0 | E80: 0 | F80: 1 | G80: 0.35 | H80: 3 | I80: 0.45 | J80: 0 | K80: 0 | L80: 0.05 | M80: =sum(C80+E80+G80+I80+K80+L80) -> 1 | N80: 0 | O80: 0 | P80: 5.05 | Q80: 36.36 | R80: 58.59 | S80: =SUM(N80:R80) -> 100 | T80: =N80*0.3+O80*0.65+P80*0.75+Q80*0.85+R80*0.95 -> 90.354
A81: ME340 - 22F - ALAMBEIGI | B81: 10 | C81: 0.15 | D81: 0 | E81: 0 | F81: 1 | G81: 0.3 | H81: 2 | I81: 0.4 | J81: 3 | K81: 0.15 | L81: 0 | M81: =sum(C81+E81+G81+I81+K81+L81) -> 1 | N81: 0 | O81: 0 | P81: 2.53 | Q81: 16.46 | R81: 81.01 | S81: =SUM(N81:R81) -> 100 | T81: =N81*0.3+O81*0.65+P81*0.75+Q81*0.85+R81*0.95 -> 92.848
A82: ME240 - 22F - W. LI | B82: 10 | C82: 0.1 | D82: 0 | E82: 0 | F82: 1 | G82: 0.35 | H82: 2 | I82: 0.4 | J82: 4 | K82: 0.1 | L82: 0.05 | M82: =sum(C82+E82+G82+I82+K82+L82) -> 1 | N82: 0 | O82: 0 | P82: 2.38 | Q82: 57.14 | R82: 40.48 | S82: =SUM(N82:R82) -> 100 | T82: =N82*0.3+O82*0.65+P82*0.75+Q82*0.85+R82*0.95 -> 88.81
A83: ME333T - 22F | B83: 38 | C83: 0.49 | D83: 2 | E83: 0.51 | F83: 0 | G83: 0 | H83: 0 | I83: 0 | J83: 0 | K83: 0 | L83: 0 | M83: =sum(C83+E83+G83+I83+K83+L83) -> 1 | N83: 2.27 | O83: 2.27 | P83: 9.09 | Q83: 15.92 | R83: 70.45 | S83: =SUM(N83:R83) -> 100 | T83: =N83*0.3+O83*0.65+P83*0.75+Q83*0.85+R83*0.95 -> 89.4335
A84: ME338 - 22F | B84: 6 | C84: 0.15 | D84: 2 | E84: 0.25 | F84: 0 | G84: 0 | H84: 3 | I84: 0.6 | J84: 0 | K84: 0 | L84: 0 | M84: =sum(C84+E84+G84+I84+K84+L84) -> 1 | N84: 0.78 | O84: 0 | P84: 14.06 | Q84: 40.63 | R84: 44.53 | S84: =SUM(N84:R84) -> 100 | T84: =N84*0.3+O84*0.65+P84*0.75+Q84*0.85+R84*0.95 -> 87.618
A85: ME369P - 22F | B85: 5 | C85: 0.3 | D85: 4 | E85: 0.45 | F85: 0 | G85: 0 | H85: 0 | I85: 0 | J85: 4 | K85: 0.15 | L85: 0.1 | M85: =sum(C85+E85+G85+I85+K85+L85) -> 1 | N85: 0 | O85: 0 | P85: 4.55 | Q85: 36.36 | R85: 59.09 | S85: =SUM(N85:R85) -> 100 | T85: =N85*0.3+O85*0.65+P85*0.75+Q85*0.85+R85*0.95 -> 90.454
A86: ME359 - 22F | B86: 0 | C86: 0 | D86: 3 | E86: 1 | F86: 0 | G86: 0 | H86: 0 | I86: 0 | J86: 0 | K86: 0 | L86: 0 | M86: =sum(C86+E86+G86+I86+K86+L86) -> 1 | N86: 0 | O86: 7.69 | P86: 23.08 | Q86: 38.46 | R86: 30.77 | S86: =SUM(N86:R86) -> 100 | T86: =N86*0.3+O86*0.65+P86*0.75+Q86*0.85+R86*0.95 -> 84.231
A87: ME379M - 22F - IYOOB | B87: 12 | C87: 0.2 | D87: 1 | E87: 0.35 | F87: 0 | G87: 0 | H87: 0 | I87: 0 | J87: 2 | K87: 0.4 | L87: 0.05 | M87: =sum(C87+E87+G87+I87+K87+L87) -> 1 | N87: 0 | O87: 0 | P87: 0 | Q87: 26.47 | R87: 73.53 | S87: =SUM(N87:R87) -> 100 | T87: =N87*0.3+O87*0.65+P87*0.75+Q87*0.85+R87*0.95 -> 92.353
A88: ME379M - 22F | B88: 4 | C88: 0.4 | D88: 1 | E88: 0.2 | F88: 0 | G88: 0 | H88: 2 | I88: 0.4 | J88: 0 | K88: 0 | L88: 0 | M88: =sum(C88+E88+G88+I88+K88+L88) -> 1 | N88: 0 | O88: 0 | P88: 0 | Q88: 14.29 | R88: 85.71 | S88: =SUM(N88:R88) -> 100 | T88: =N88*0.3+O88*0.65+P88*0.75+Q88*0.85+R88*0.95 -> 93.571
A89: ME367S - 22S | B89: 12 | C89: 0.2 | D89: 1 | E89: 0.3 | F89: 0 | G89: 0 | H89: 2 | I89: 0.5 | J89: 0 | K89: 0 | L89: 0 | M89: =sum(C89+E89+G89+I89+K89+L89) -> 1 | N89: 0 | O89: 0 | P89: 6.67 | Q89: 33.33 | R89: 60 | S89: =SUM(N89:R89) -> 100 | T89: =N89*0.3+O89*0.65+P89*0.75+Q89*0.85+R89*0.95 -> 90.333
A90: ME334 - 23 Summer | B90: 12 | C90: 0.15 | D90: 0 | E90: 0 | F90: 1 | G90: 0.2 | H90: 3 | I90: 0.6 | J90: 21 | K90: 0.05 | L90: 0 | M90: =sum(C90+E90+G90+I90+K90+L90) -> 1 | N90: 0 | O90: 0 | P90: 7.14 | Q90: 42.86 | R90: 50 | S90: =SUM(N90:R90) -> 100 | T90: =N90*0.3+O90*0.65+P90*0.75+Q90*0.85+R90*0.95 -> 89.286
A91: ME353 - 23F | B91: 14 | C91: 0.2 | D91: 1 | E91: 0.1 | F91: 1 | G91: 0.3 | H91: 2 | I91: 0.35 | J91: 0 | K91: 0 | L91: 0.05 | M91: =sum(C91+E91+G91+I91+K91+L91) -> 1 | N91: 0 | O91: 0.6 | P91: 7.78 | Q91: 46.11 | R91: 45.51 | S91: =SUM(N91:R91) -> 100 | T91: =N91*0.3+O91*0.65+P91*0.75+Q91*0.85+R91*0.95 -> 88.653
... A102: ME 361 - F17 Thermodynamics - 003 | B102: 9 | C102: 0.3 | D102: 1 | E102: 0.15 | F102: 1 | G102: 0.2 | H102: 2 | I102: 0.35 | J102: 0 | K102: 0 | L102: 0 | M102: =sum(C102+E102+G102+I102+K102+L102) -> 1 | N102: 0.02 | O102: 6.92 | P102: 13.82 | Q102: 37.92 | R102: 41.32 | S102: =SUM(N102:R102) -> 100 | T102: =N102*0.3+O102*0.65+P102*0.75+Q102*0.85+R102*0.95 -> 86.355
A103: END | B103: END | C103: END | D103: END | E103: END | F103: END | G103: END | H103: END | I103: END | J103: END | K103: END | L103: END | M103: END | N103: END | O103: END | P103: END | Q103: END | R103: END | S103: END | T103: END
A104: UWM & UT LINKS:
A105: https://registrar.wisc.edu/grade-reports/?utm_source=chatgpt.com
A106: https://reports.utexas.edu/spotlight-data/ut-course-grade-distributions
A108: SYLLABUS FINDER FOR UTEXAS
A109: https://utdirect.utexas.edu/apps/student/coursedocs/nlogon/?year=2016&semester=2&department=M+E&course_number=&course_title=Dynamics&unique=&instructor_first=&instructor_last=&course_type=In+Residence&search=Search
A117: MEEG210 - 23F - Statics | B117: 10 | C117: 0.1 | D117: 6 | E117: 0.1 | F117: 1 | G117: 0.25 | H117: 3 | I117: 0.45 | J117: 13 | K117: 0.1 | L117: 0 | M117: =sum(C117+E117+G117+I117+K117+L117) -> 1 | N117: 6.66 | O117: 8.67 | P117: 19.33 | Q117: 30.67 | R117: 34.67 | S117: =SUM(N117:R117) -> 100 | T117: =N117*0.3+O117*0.65+P117*0.75+Q117*0.85+R117*0.95 -> 81.137
A118: MATH C4 - MADHUKA | B118: 38 | C118: 0.1 | D118: 0 | E118: 0 | F118: 1 | G118: 0.25 | H118: 2 | I118: 0.36 | J118: 10 | K118: 0.24 | L118: 0.05 | M118: =SUM(L118,K118,I118,G118,E118,C118) -> 1 | N118: 13.33 | O118: 15 | P118: 30 | Q118: 23.34 | R118: 18.33 | S118: =SUM(N118:R118) -> 100 | T118: =N118*0.3+O118*0.65+P118*0.75+Q118*0.85+R118*0.95 -> 73.5015
A119: ME364L - 18F Masada Sec 18345 | B119: 6 | C119: 0.15 | D119: 0 | E119: 0 | F119: 1 | G119: 0.35 | H119: 0 | I119: 0 | J119: 2 | K119: 0.5 | L119: 0 | M119: =sum(C119+E119+G119+I119+K119+L119) -> 1 | N119: =1*100/(1+1+2+5) -> 11.111111 | O119: 0 | P119: =1*100/(1+1+2+5) -> 11.111111 | Q119: =2*100/(1+1+2+5) -> 22.222222 | R119: =5*100/(1+1+2+5) -> 55.555556 | S119: =SUM(N119:R119) -> 100 | T119: =N119*0.3+O119*0.65+P119*0.75+Q119*0.85+R119*0.95 -> 83.333333

Sheet XDataImport - AVERAGE GRADES
A1: ='FOUND DATA - AVERAGE GRADES'!B4 -> # HWs | B1: ='FOUND DATA - AVERAGE GRADES'!C4 -> HW Weight | C1: ='FOUND DATA - AVERAGE GRADES'!D4 -> # Project Assignments | D1: ='FOUND DATA - AVERAGE GRADES'!E4 -> Project Weight | E1: ='FOUND DATA - AVERAGE GRADES'!F4 -> # Final exam | F1: ='FOUND DATA - AVERAGE GRADES'!G4 -> Final Weight | G1: ='FOUND DATA - AVERAGE GRADES'!H4 -> # Other Exams | H1: ='FOUND DATA - AVERAGE GRADES'!I4 -> Exam Weight | ... K1: ='FOUND DATA - AVERAGE GRADES'!L4 -> Attend/Misc Weight
A2: ='FOUND DATA - AVERAGE GRADES'!B5 -> 5 | B2: ='FOUND DATA - AVERAGE GRADES'!C5 -> 0.2 | C2: ='FOUND DATA - AVERAGE GRADES'!D5 -> 10 | D2: ='FOUND DATA - AVERAGE GRADES'!E5 -> 0.6 | E2: ='FOUND DATA - AVERAGE GRADES'!F5 -> 0 | F2: ='FOUND DATA - AVERAGE GRADES'!G5 -> 0 | G2: ='FOUND DATA - AVERAGE GRADES'!H5 -> 0 | H2: ='FOUND DATA - AVERAGE GRADES'!I5 -> 0 | ... K2: ='FOUND DATA - AVERAGE GRADES'!L5 -> 0
A3: ='FOUND DATA - AVERAGE GRADES'!B6 -> 8 | B3: ='FOUND DATA - AVERAGE GRADES'!C6 -> 0.32 | C3: ='FOUND DATA - AVERAGE GRADES'!D6 -> 4 | D3: ='FOUND DATA - AVERAGE GRADES'!E6 -> 0.16 | E3: ='FOUND DATA - AVERAGE GRADES'!F6 -> 1 | F3: ='FOUND DATA - AVERAGE GRADES'!G6 -> 0.2 | G3: ='FOUND DATA - AVERAGE GRADES'!H6 -> 0 | H3: ='FOUND DATA - AVERAGE GRADES'!I6 -> 0 | ... K3: ='FOUND DATA - AVERAGE GRADES'!L6 -> 0
A4: ='FOUND DATA - AVERAGE GRADES'!B7 -> 8 | B4: ='FOUND DATA - AVERAGE GRADES'!C7 -> 0.32 | C4: ='FOUND DATA - AVERAGE GRADES'!D7 -> 4 | D4: ='FOUND DATA - AVERAGE GRADES'!E7 -> 0.16 | E4: ='FOUND DATA - AVERAGE GRADES'!F7 -> 1 | F4: ='FOUND DATA - AVERAGE GRADES'!G7 -> 0.2 | G4: ='FOUND DATA - AVERAGE GRADES'!H7 -> 0 | H4: ='FOUND DATA - AVERAGE GRADES'!I7 -> 0 | ... K4: ='FOUND DATA - AVERAGE GRADES'!L7 -> 0
A5: ='FOUND DATA - AVERAGE GRADES'!B8 -> 8 | B5: ='FOUND DATA - AVERAGE GRADES'!C8 -> 0.3 | C5: ='FOUND DATA - AVERAGE GRADES'!D8 -> 6 | D5: ='FOUND DATA - AVERAGE GRADES'!E8 -> 0.2 | E5: ='FOUND DATA - AVERAGE GRADES'!F8 -> 0 | F5: ='FOUND DATA - AVERAGE GRADES'!G8 -> 0 | G5: ='FOUND DATA - AVERAGE GRADES'!H8 -> 3 | H5: ='FOUND DATA - AVERAGE GRADES'!I8 -> 0.45 | ... K5: ='FOUND DATA - AVERAGE GRADES'!L8 -> 0.05
A6: ='FOUND DATA - AVERAGE GRADES'!B9 -> 16 | B6: ='FOUND DATA - AVERAGE GRADES'!C9 -> 0.5 | C6: ='FOUND DATA - AVERAGE GRADES'!D9 -> 6 | D6: ='FOUND DATA - AVERAGE GRADES'!E9 -> 0.2 | E6: ='FOUND DATA - AVERAGE GRADES'!F9 -> 0 | F6: ='FOUND DATA - AVERAGE GRADES'!G9 -> 0 | G6: ='FOUND DATA - AVERAGE GRADES'!H9 -> 3 | H6: ='FOUND DATA - AVERAGE GRADES'!I9 -> 0.3 | ... K6: ='FOUND DATA - AVERAGE GRADES'!L9 -> 0
A7: ='FOUND DATA - AVERAGE GRADES'!B10 -> 9 | B7: ='FOUND DATA - AVERAGE GRADES'!C10 -> 0.36 | C7: ='FOUND DATA - AVERAGE GRADES'!D10 -> 0 | D7: ='FOUND DATA - AVERAGE GRADES'!E10 -> 0 | E7: ='FOUND DATA - AVERAGE GRADES'!F10 -> 0 | F7: ='FOUND DATA - AVERAGE GRADES'!G10 -> 0 | G7: ='FOUND DATA - AVERAGE GRADES'!H10 -> 4 | H7: ='FOUND DATA - AVERAGE GRADES'!I10 -> 0.48 | ... K7: ='FOUND DATA - AVERAGE GRADES'!L10 -> 0
A8: ='FOUND DATA - AVERAGE GRADES'!B11 -> 11 | B8: ='FOUND DATA - AVERAGE GRADES'!C11 -> 0.25 | C8: ='FOUND DATA - AVERAGE GRADES'!D11 -> 5 | D8: ='FOUND DATA - AVERAGE GRADES'!E11 -> 0.15 | E8: ='FOUND DATA - AVERAGE GRADES'!F11 -> 1 | F8: ='FOUND DATA - AVERAGE GRADES'!G11 -> 0.2 | G8: ='FOUND DATA - AVERAGE GRADES'!H11 -> 3 | H8: ='FOUND DATA - AVERAGE GRADES'!I11 -> 0.3 | ... K8: ='FOUND DATA - AVERAGE GRADES'!L11 -> 0.1
A9: ='FOUND DATA - AVERAGE GRADES'!B12 -> 11 | B9: ='FOUND DATA - AVERAGE GRADES'!C12 -> 0.25 | C9: ='FOUND DATA - AVERAGE GRADES'!D12 -> 4 | D9: ='FOUND DATA - AVERAGE GRADES'!E12 -> 0.15 | E9: ='FOUND DATA - AVERAGE GRADES'!F12 -> 1 | F9: ='FOUND DATA - AVERAGE GRADES'!G12 -> 0.2 | G9: ='FOUND DATA - AVERAGE GRADES'!H12 -> 3 | H9: ='FOUND DATA - AVERAGE GRADES'!I12 -> 0.3 | ... K9: ='FOUND DATA - AVERAGE GRADES'!L12 -> 0
A10: ='FOUND DATA - AVERAGE GRADES'!B13 -> 10 | B10: ='FOUND DATA - AVERAGE GRADES'!C13 -> 0.25 | C10: ='FOUND DATA - AVERAGE GRADES'!D13 -> 9 | D10: ='FOUND DATA - AVERAGE GRADES'!E13 -> 0.15 | E10: ='FOUND DATA - AVERAGE GRADES'!F13 -> 1 | F10: ='FOUND DATA - AVERAGE GRADES'!G13 -> 0.2 | G10: ='FOUND DATA - AVERAGE GRADES'!H13 -> 3 | H10: ='FOUND DATA - AVERAGE GRADES'!I13 -> 0.3 | ... K10: ='FOUND DATA - AVERAGE GRADES'!L13 -> 0
A11: ='FOUND DATA - AVERAGE GRADES'!B14 -> 10 | B11: ='FOUND DATA - AVERAGE GRADES'!C14 -> 0.25 | C11: ='FOUND DATA - AVERAGE GRADES'!D14 -> 6 | D11: ='FOUND DATA - AVERAGE GRADES'!E14 -> 0.15 | E11: ='FOUND DATA - AVERAGE GRADES'!F14 -> 1 | F11: ='FOUND DATA - AVERAGE GRADES'!G14 -> 0.2 | G11: ='FOUND DATA - AVERAGE GRADES'!H14 -> 3 | H11: ='FOUND DATA - AVERAGE GRADES'!I14 -> 0.3 | ... K11: ='FOUND DATA - AVERAGE GRADES'!L14 -> 0
A12: ='FOUND DATA - AVERAGE GRADES'!B15 -> 10 | B12: ='FOUND DATA - AVERAGE GRADES'!C15 -> 0.25 | C12: ='FOUND DATA - AVERAGE GRADES'!D15 -> 1 | D12: ='FOUND DATA - AVERAGE GRADES'!E15 -> 0.1 | E12: ='FOUND DATA - AVERAGE GRADES'!F15 -> 1 | F12: ='FOUND DATA - AVERAGE GRADES'!G15 -> 0.2 | G12: ='FOUND DATA - AVERAGE GRADES'!H15 -> 3 | H12: ='FOUND DATA - AVERAGE GRADES'!I15 -> 0.3 | ... K12: ='FOUND DATA - AVERAGE GRADES'!L15 -> 0
... A108: ='FOUND DATA - AVERAGE GRADES'!B111 | B108: ='FOUND DATA - AVERAGE GRADES'!C111 | C108: ='FOUND DATA - AVERAGE GRADES'!D111 | D108: ='FOUND DATA - AVERAGE GRADES'!E111 | E108: ='FOUND DATA - AVERAGE GRADES'!F111 | F108: ='FOUND DATA - AVERAGE GRADES'!G111 | G108: ='FOUND DATA - AVERAGE GRADES'!H111 | H108: ='FOUND DATA - AVERAGE GRADES'!I111 | ... K108: ='FOUND DATA - AVERAGE GRADES'!L111

Sheet YDataImport - AVERAGE GRADES
A1: AVERAGE GRADE
A2: ='FOUND DATA - AVERAGE GRADES'!T5 -> 91.889
A3: ='FOUND DATA - AVERAGE GRADES'!T6 -> 84.942
A4: ='FOUND DATA - AVERAGE GRADES'!T7 -> 85.746
A5: ='FOUND DATA - AVERAGE GRADES'!T8 -> 82.8595
A6: ='FOUND DATA - AVERAGE GRADES'!T9 -> 81.551
A7: ='FOUND DATA - AVERAGE GRADES'!T10 -> 84.75
A8: ='FOUND DATA - AVERAGE GRADES'!T11 -> 82.738
A9: ='FOUND DATA - AVERAGE GRADES'!T12 -> 82.271
A10: ='FOUND DATA - AVERAGE GRADES'!T13 -> 84.134
A11: ='FOUND DATA - AVERAGE GRADES'!T14 -> 85.938
A12: ='FOUND DATA - AVERAGE GRADES'!T15 -> 86.889
A13: ='FOUND DATA - AVERAGE GRADES'!T16 -> 85.388
... A103: ='FOUND DATA - AVERAGE GRADES'!T106
A104: ='FOUND DATA - AVERAGE GRADES'!T104
A105: ='FOUND DATA - AVERAGE GRADES'!T105
A106: ='FOUND DATA - AVERAGE GRADES'!T106

Sheet RANDOM SEED COMPARISONS
A1: Model # | B1: Seed # | C1: Chosen Regression | D1: MAE | I1: OVERALL MAX APPEARANCE: | K1: TOTAL PERCENTAGE OF APPEARANCE
A2: MODEL 1 | B2: 22 | C2: Decision Tree | D2: 7.5634 | F2: Decision Tree | G2: =COUNTIF($C$2:$C$12,F2) -> 3 | I2: Decision Tree | J2: =COUNTIF($C$2:$C$56,I2) -> 15 | K2: =J2/$J$10 -> 0.27272727
B3: 24 | C3: Elastic Net | D3: 7.2375 | F3: Elastic Net | G3: =COUNTIF($C$2:$C$12,F3) -> 3 | I3: Elastic Net | J3: =COUNTIF($C$2:$C$56,I3) -> 5 | K3: =J3/$J$10 -> 0.090909091
B4: 26 | C4: Ridge | D4: 7.3387 | F4: Ridge | G4: =COUNTIF($C$2:$C$12,F4) -> 1 | I4: Ridge | J4: =COUNTIF($C$2:$C$56,I4) -> 7 | K4: =J4/$J$10 -> 0.12727273
B5: 28 | C5: Random Forest | D5: 7.0748 | F5: Lasso | G5: =COUNTIF($C$2:$C$12,F5) -> 0 | I5: Lasso | J5: =COUNTIF($C$2:$C$56,I5) -> 2 | K5: =J5/$J$10 -> 0.036363636
B6: 30 | C6: Decision Tree | D6: 7.3017 | F6: Linear | G6: =COUNTIF($C$2:$C$12,F6) -> 0 | I6: Linear | J6: =COUNTIF($C$2:$C$56,I6) -> 6 | K6: =J6/$J$10 -> 0.10909091
B7: 32 | C7: Decision Tree | D7: 5.2438 | F7: Random Forest | G7: =COUNTIF($C$2:$C$12,F7) -> 2 | I7: Random Forest | J7: =COUNTIF($C$2:$C$56,I7) -> 10 | K7: =J7/$J$10 -> 0.18181818
B8: 34 | C8: KNeighbors | D8: 7.5521 | F8: KNeighbors | G8: =COUNTIF($C$2:$C$12,F8) -> 2 | I8: KNeighbors | J8: =COUNTIF($C$2:$C$56,I8) -> 10 | K8: =J8/$J$10 -> 0.18181818
B9: 36 | C9: KNeighbors | D9: 7.7707
B10: 38 | C10: Random Forest | D10: 6.1076 | I10: TOTAL: | J10: =ROWS(2:56) -> 55 | K10: =SUM(K2:K8) -> 1
B11: 40 | C11: Elastic Net | D11: 6.6602
B12: 42 | C12: Elastic Net | D12: 7.5707
A13: MODEL 2 | B13: 22 | C13: Decision Tree | D13: 6.1952 | F13: Decision Tree | G13: =COUNTIF($C$13:$C$23,F13) -> 3
B14: 24 | C14: Ridge | D14: 7.1814 | F14: Elastic Net | G14: =COUNTIF($C$13:$C$23,F14) -> 1 | I14: NOTE: REGARDLESS OF SEED, KNEIGHBORS DOMINATED GRADE CLASSIFICATION (1-5)
B15: 26 | C15: Ridge | D15: 7.3248 | F15: Ridge | G15: =COUNTIF($C$13:$C$23,F15) -> 2
B16: 28 | C16: Random Forest | D16: 6.9625 | F16: Lasso | G16: =COUNTIF($C$13:$C$23,F16) -> 0
B17: 30 | C17: Decision Tree | D17: 7.3017 | F17: Linear | G17: =COUNTIF($C$13:$C$23,F17) -> 1
B18: 32 | C18: Decision Tree | D18: 5.5736 | F18: Random Forest | G18: =COUNTIF($C$13:$C$23,F18) -> 1
B19: 34 | C19: KNeighbors | D19: 7.629 | F19: KNeighbors | G19: =COUNTIF($C$13:$C$23,F19) -> 3
B20: 36 | C20: KNeighbors | D20: 7.2897
B21: 38 | C21: Elastic Net | D21: 6.1659
B22: 40 | C22: Linear | D22: 6.5938
B23: 42 | C23: KNeighbors | D23: 7.3608
A24: MODEL 3 | B24: 22 | C24: Decision Tree | D24: 6.3916 | F24: Decision Tree | G24: =COUNTIF($C$24:$C$34,F24) -> 2
B25: 24 | C25: KNeighbors | D25: 7.2357 | F25: Elastic Net | G25: =COUNTIF($C$24:$C$34,F25) -> 0
B26: 26 | C26: Ridge | D26: 7.5423 | F26: Ridge | G26: =COUNTIF($C$24:$C$34,F26) -> 1
B27: 28 | C27: KNeighbors | D27: 7.3185 | F27: Lasso | G27: =COUNTIF($C$24:$C$34,F27) -> 0
B28: 30 | C28: Linear | D28: 6.774 | F28: Linear | G28: =COUNTIF($C$24:$C$34,F28) -> 4
B29: 32 | C29: Linear | D29: 5.5616 | F29: Random Forest | G29: =COUNTIF($C$24:$C$34,F29) -> 2
B30: 34 | C30: Decision Tree | D30: 8.1873 | F30: KNeighbors | G30: =COUNTIF($C$24:$C$34,F30) -> 2
B31: 36 | C31: Random Forest | D31: 7.7969
B32: 38 | C32: Random Forest | D32: 6.1259
B33: 40 | C33: Linear | D33: 6.5066
B34: 42 | C34: Linear | D34: 7.6046
A35: MODEL 4 | B35: 22 | C35: Decision Tree | D35: 6.3316 | F35: Decision Tree | G35: =COUNTIF($C$35:$C$45,F35) -> 3
B36: 24 | C36: Ridge | D36: 7.2354 | F36: Elastic Net | G36: =COUNTIF($C$35:$C$45,F36) -> 1
B37: 26 | C37: KNeighbors | D37: 7.096 | F37: Ridge | G37: =COUNTIF($C$35:$C$45,F37) -> 1
B38: 28 | C38: Random Forest | D38: 6.9649 | F38: Lasso | G38: =COUNTIF($C$35:$C$45,F38) -> 0
B39: 30 | C39: Decision Tree | D39: 6.6625 | F39: Linear | G39: =COUNTIF($C$35:$C$45,F39) -> 1
B40: 32 | C40: Decision Tree | D40: 5.2157 | F40: Random Forest | G40: =COUNTIF($C$35:$C$45,F40) -> 2
B41: 34 | C41: KNeighbors | D41: 7.9082 | F41: KNeighbors | G41: =COUNTIF($C$35:$C$45,F41) -> 3
B42: 36 | C42: Random Forest | D42: 7.8443
B43: 38 | C43: KNeighbors | D43: 6.0706
B44: 40 | C44: Linear | D44: 6.5985
B45: 42 | C45: Elastic Net | D45: 7.6286
A46: MODEL 5 | B46: 22 | C46: Decision Tree | D46: 6.6154 | F46: Decision Tree | G46: =COUNTIF($C$46:$C$56,F46) -> 4
B47: 24 | C47: Ridge | D47: 7.1946 | F47: Elastic Net | G47: =COUNTIF($C$46:$C$56,F47) -> 0
B48: 26 | C48: Ridge | D48: 7.2766 | F48: Ridge | G48: =COUNTIF($C$46:$C$56,F48) -> 2
B49: 28 | C49: Decision Tree | D49: 7.0536 | F49: Lasso | G49: =COUNTIF($C$46:$C$56,F49) -> 2
B50: 30 | C50: Random Forest | D50: 7.1275 | F50: Linear | G50: =COUNTIF($C$46:$C$56,F50) -> 0
B51: 32 | C51: Decision Tree | D51: 5.621 | F51: Random Forest | G51: =COUNTIF($C$46:$C$56,F51) -> 3
B52: 34 | C52: Random Forest | D52: 7.8516 | F52: KNeighbors | G52: =COUNTIF($C$46:$C$56,F52) -> 0
B53: 36 | C53: Random Forest | D53: 7.6694
B54: 38 | C54: Lasso | D54: 6.213
B55: 40 | C55: Decision Tree | D55: 6.815
B56: 42 | C56: Lasso | D56: 7.5118

Sheet RANDOM SEED COMPARISONS - MODEL
A1: Model Type | B1: Seed # | C1: MAE
A2: Linear | B2: 22 | C2: 8.4828026 | E2: AVERAGE | F2: =SUM(C2:C12)/ROWS(2:12) -> 7.5737517
B3: 24 | C3: 7.7555828
B4: 26 | C4: 7.7612455
B5: 28 | C5: 7.891241
B6: 30 | C6: 7.7190047
B7: 32 | C7: 6.0336259
B8: 34 | C8: 8.2545414
B9: 36 | C9: 8.026677
B10: 38 | C10: 6.8112762
B11: 40 | C11: 6.7227261
B12: 42 | C12: 7.8525451
A13: Ridge | B13: 22 | C13: 8.2044763 | E13: AVERAGE | F13: =SUM(C13:C23)/ROWS(13:23) -> 7.4273316
B14: 24 | C14: 7.244735
B15: 26 | C15: 7.3386576
B16: 28 | C16: 7.3183962
B17: 30 | C17: 7.6381701
B18: 32 | C18: 6.5772384
B19: 34 | C19: 8.1276264
B20: 36 | C20: 8.2571454
B21: 38 | C21: 6.2331425
B22: 40 | C22: 7.0662552
B23: 42 | C23: 7.6948042
A24: Lasso | B24: 22 | C24: 7.6804459 | E24: AVERAGE | F24: =SUM(C24:C34)/ROWS(13:23) -> 7.2974054
B25: 24 | C25: 7.2816672
B26: 26 | C26: 7.5451533
B27: 28 | C27: 7.2048832
B28: 30 | C28: 7.6508986
B29: 32 | C29: 5.8639163
B30: 34 | C30: 8.2720466
B31: 36 | C31: 8.2287502
B32: 38 | C32: 6.2391471
B33: 40 | C33: 6.7266176
B34: 42 | C34: 7.5779332
A35: Elastic Net | B35: 22 | C35: 7.5964456 | E35: AVERAGE | F35: =SUM(C35:C45)/ROWS(24:34) -> 7.2713459
B36: 24 | C36: 7.2374901
B37: 26 | C37: 7.5286806
B38: 28 | C38: 7.1920501
B39: 30 | C39: 7.5936868
B40: 32 | C40: 5.9709172
B41: 34 | C41: 8.251172
B42: 36 | C42: 8.1673299
B43: 38 | C43: 6.2162084
B44: 40 | C44: 6.6601514
B45: 42 | C45: 7.570673
A46: Decision Tree | B46: 22 | C46: 7.5634335 | E46: AVERAGE | F46: =SUM(C46:C56)/ROWS(35:45) -> 7.5427186
B47: 24 | C47: 8.2265275
B48: 26 | C48: 8.0307901
B49: 28 | C49: 7.4863694
B50: 30 | C50: 7.3016931
B51: 32 | C51: 5.2438096
B52: 34 | C52: 8.5097206
B53: 36 | C53: 8.1023043
B54: 38 | C54: 6.3258312
B55: 40 | C55: 8.4309516
B56: 42 | C56: 7.7484734
A57: Random Forest | B57: 22 | C57: 7.7285976 | E57: AVERAGE | F57: =SUM(C57:C67)/ROWS(46:56) -> 7.4280986
B58: 24 | C58: 8.2478841
B59: 26 | C59: 7.6620861
B60: 28 | C60: 7.0748225
B61: 30 | C61: 7.6837804
B62: 32 | C62: 6.0367271
B63: 34 | C63: 7.9041771
B64: 36 | C64: 7.913566
B65: 38 | C65: 6.1076419
B66: 40 | C66: 7.4368833
B67: 42 | C67: 7.9129189
A68: KNeighbors | B68: 22 | C68: 7.5638286 | E68: AVERAGE | F68: =SUM(C68:C78)/ROWS(57:67) -> 7.6366293
B69: 24 | C69: 7.2863842
B70: 26 | C70: 7.9518101
B71: 28 | C71: 7.8966667
B72: 30 | C72: 8.2908762
B73: 32 | C73: 7.0758095
B74: 34 | C74: 7.5521444
B75: 36 | C75: 7.7706851
B76: 38 | C76: 6.6682821
B77: 40 | C77: 7.9957823
B78: 42 | C78: 7.9506526
